City_ID,City,Country,Date,Lat,Lng,Max Temp,Humidity,Cloudiness,Wind Speed
0,Port Alfred,ZA,2022-08-01 15:38:27,-33.5906,26.891,58.17,65,0,8.3
1,Hambantota,LK,2022-08-01 15:38:28,6.1241,81.1185,77.34,94,75,2.3
2,Emerald,AU,2022-08-01 15:38:28,-23.5333,148.1667,54.34,86,61,8.08
3,Soyo,AO,2022-08-01 15:38:28,-6.1349,12.3689,72.9,74,63,12.84
4,Juneau,US,2022-08-01 15:38:29,58.3019,-134.4197,58.84,97,75,3.44
5,Arraial Do Cabo,BR,2022-08-01 15:38:29,-22.9661,-42.0278,76.96,61,0,14.97
6,Selaphum,TH,2022-08-01 15:38:30,16.0299,103.9383,78.31,89,96,6.82
7,Bluff,NZ,2022-08-01 15:38:30,-46.6,168.3333,52.0,72,65,21.0
8,Maningrida,AU,2022-08-01 15:38:31,-12.0667,134.2667,67.8,88,84,8.48
9,Busselton,AU,2022-08-01 15:38:31,-33.65,115.3333,53.56,72,76,35.66
10,Ostrovnoy,RU,2022-08-01 15:38:31,68.0531,39.5131,54.63,92,100,8.32
11,Bannu,PK,2022-08-01 15:38:32,32.9854,70.6027,89.13,54,52,7.72
12,Atar,MR,2022-08-01 15:38:32,20.5169,-13.0499,99.97,30,71,6.8
13,Mataura,NZ,2022-08-01 15:38:33,-46.1927,168.8643,43.66,82,60,4.72
14,Skibbereen,IE,2022-08-01 15:38:33,51.55,-9.2667,63.1,98,100,16.89
15,Turukhansk,RU,2022-08-01 15:38:34,65.8167,87.9833,50.95,73,85,6.93
16,Ushuaia,AR,2022-08-01 15:38:34,-54.8,-68.3,42.46,81,40,2.3
17,Hermanus,ZA,2022-08-01 15:38:34,-34.4187,19.2345,56.12,64,0,10.45
18,Padang,ID,2022-08-01 15:38:35,-0.9492,100.3543,79.56,87,100,2.59
19,Bossangoa,CF,2022-08-01 15:38:35,6.4926,17.4552,78.13,91,100,3.0
20,Hilo,US,2022-08-01 15:38:36,19.7297,-155.09,73.27,85,100,5.75
21,Ilulissat,GL,2022-08-01 15:38:36,69.2167,-51.1,46.11,55,23,3.94
22,Rikitea,PF,2022-08-01 15:38:36,-23.1203,-134.9692,72.41,72,57,26.46
23,Tulucesti,RO,2022-08-01 15:38:37,45.5667,28.0333,77.59,50,69,16.75
24,Salina Cruz,MX,2022-08-01 15:38:37,16.1667,-95.2,88.32,52,88,19.91
25,Portland,US,2022-08-01 15:37:49,45.5234,-122.6762,75.74,70,40,9.22
26,Amga,RU,2022-08-01 15:38:38,60.8953,131.9608,64.26,95,100,7.94
27,Vaini,TO,2022-08-01 15:38:38,-21.2,-175.2,73.56,94,20,2.3
28,Moyale,KE,2022-08-01 15:38:38,3.5167,39.0584,73.63,49,96,5.68
29,Labuhan,ID,2022-08-01 15:38:39,-6.8844,112.2051,78.01,82,100,8.12
30,Ampanihy,MG,2022-08-01 15:38:39,-24.7,44.75,67.75,69,32,13.0
31,Russell,US,2022-08-01 15:38:40,32.3502,-85.1999,88.38,46,0,5.82
32,San Diego,US,2022-08-01 15:34:01,32.7153,-117.1573,83.48,83,40,7.0
33,Cape Town,ZA,2022-08-01 15:38:40,-33.9258,18.4232,61.21,71,0,14.97
34,New Norfolk,AU,2022-08-01 15:38:41,-42.7826,147.0587,47.91,87,62,10.96
35,Barrow,US,2022-08-01 15:38:41,71.2906,-156.7887,37.13,85,16,9.93
36,Tiksi,RU,2022-08-01 15:38:42,71.6872,128.8694,40.05,91,98,2.98
37,Provideniya,RU,2022-08-01 15:38:42,64.3833,-173.3,48.07,76,95,2.86
38,Faya,SA,2022-08-01 15:38:42,18.3851,42.4509,68.11,76,90,8.81
39,Port Lincoln,AU,2022-08-01 15:38:43,-34.7333,135.8667,51.08,64,84,13.91
40,Teya,RU,2022-08-01 15:38:43,60.3778,92.6267,47.89,94,28,2.73
41,Avarua,CK,2022-08-01 15:35:08,-21.2078,-159.775,73.45,83,20,11.5
42,Mbandaka,CD,2022-08-01 15:38:44,0.0487,18.2603,82.13,59,77,1.88
43,Bambous Virieux,MU,2022-08-01 15:38:44,-20.3428,57.7575,68.25,94,75,12.66
44,Muravlenko,RU,2022-08-01 15:38:45,63.7898,74.523,56.61,58,2,10.58
45,Hobart,AU,2022-08-01 15:38:45,-42.8794,147.3294,48.25,80,100,10.36
46,Pangai,TO,2022-08-01 15:38:45,-19.8,-174.35,77.14,83,77,12.57
47,East London,ZA,2022-08-01 15:39:46,-33.0153,27.9116,59.94,58,0,6.91
48,Salalah,OM,2022-08-01 15:39:46,17.0151,54.0924,78.89,83,100,10.36
49,Vardo,NO,2022-08-01 15:39:47,70.3705,31.1107,51.78,100,95,8.05
50,Norrtalje,SE,2022-08-01 15:39:47,59.758,18.705,73.44,50,94,7.9
51,Bredasdorp,ZA,2022-08-01 15:39:48,-34.5322,20.0403,49.01,77,0,7.02
52,Mount Gambier,AU,2022-08-01 15:39:48,-37.8333,140.7667,51.71,93,100,12.66
53,Yamethin,MM,2022-08-01 15:39:48,20.4333,96.15,79.74,82,100,7.23
54,Albany,US,2022-08-01 15:39:11,42.6001,-73.9662,83.62,55,11,5.93
55,Sar-E Pul,AF,2022-08-01 15:39:49,35.8333,66.1667,68.07,34,0,1.34
56,Cabo San Lucas,MX,2022-08-01 15:38:06,22.8909,-109.9124,89.62,60,75,8.05
57,Langres,FR,2022-08-01 15:39:50,47.8333,5.3333,75.2,43,100,15.61
58,Jamestown,US,2022-08-01 15:38:52,42.097,-79.2353,78.03,74,75,8.05
59,Tobermory,CA,2022-08-01 15:39:50,45.2501,-81.6665,68.07,84,100,23.8
60,Isla Mujeres,MX,2022-08-01 15:39:51,21.2311,-86.731,84.25,69,95,9.57
61,Beaverlodge,CA,2022-08-01 15:39:51,55.2166,-119.4361,60.15,78,75,4.29
62,Fortuna,US,2022-08-01 15:39:51,40.5982,-124.1573,58.93,92,100,5.75
63,Kaitangata,NZ,2022-08-01 15:39:52,-46.2817,169.8464,41.67,88,100,4.21
64,Saskylakh,RU,2022-08-01 15:39:52,71.9167,114.0833,42.84,78,93,10.65
65,Pisco,PE,2022-08-01 15:39:53,-13.7,-76.2167,60.03,94,100,4.61
66,Porto Novo,BJ,2022-08-01 15:39:53,6.4965,2.6036,78.62,71,78,14.54
67,Mar Del Plata,AR,2022-08-01 15:39:54,-38.0023,-57.5575,60.94,79,0,8.99
68,Kattivakkam,IN,2022-08-01 15:39:54,13.2167,80.3167,87.89,85,100,9.35
69,Beisfjord,NO,2022-08-01 15:39:55,68.3751,17.5988,74.05,50,94,3.31
70,Kodiak,US,2022-08-01 15:39:55,57.79,-152.4072,54.91,88,0,11.5
71,Sesheke,ZM,2022-08-01 15:39:56,-17.4759,24.2968,75.67,13,0,6.76
72,Ponta Do Sol,PT,2022-08-01 15:39:56,32.6667,-17.1,86.72,62,2,5.08
73,Puerto Ayora,EC,2022-08-01 15:39:57,-0.7393,-90.3518,76.96,90,100,10.0
74,Qasigiannguit,GL,2022-08-01 15:39:57,68.8193,-51.1922,44.6,68,14,3.78
75,Vasai,IN,2022-08-01 15:39:57,19.47,72.8,84.29,78,99,7.74
76,Chokurdakh,RU,2022-08-01 15:39:58,70.6333,147.9167,46.35,92,97,10.29
77,Nanortalik,GL,2022-08-01 15:39:58,60.1432,-45.2371,47.07,83,100,3.42
78,Severo-Kurilsk,RU,2022-08-01 15:39:59,50.6789,156.125,51.73,87,1,5.53
79,Dafeng,CN,2022-08-01 15:39:59,23.4517,108.5881,82.4,66,2,2.64
80,Butaritari,KI,2022-08-01 15:39:59,3.0707,172.7902,80.94,79,89,16.17
81,Upernavik,GL,2022-08-01 15:40:00,72.7868,-56.1549,47.23,56,98,7.74
82,Nikolskoye,RU,2022-08-01 15:40:00,59.7035,30.7861,60.69,96,100,8.25
83,Henties Bay,NA,2022-08-01 15:40:01,-22.116,14.2845,57.81,65,3,7.67
84,Indramayu,ID,2022-08-01 15:40:01,-6.3264,108.32,79.12,79,16,7.29
85,Sibolga,ID,2022-08-01 15:40:02,1.7427,98.7792,77.36,91,100,2.24
86,Atuona,PF,2022-08-01 15:40:02,-9.8,-139.0333,75.52,81,23,9.78
87,Tiznit,MA,2022-08-01 15:40:02,29.5833,-9.5,97.56,22,83,8.23
88,Bubaque,GW,2022-08-01 15:40:03,11.2833,-15.8333,79.83,78,100,15.23
89,Katsuura,JP,2022-08-01 15:40:03,35.1333,140.3,79.97,92,62,12.26
90,Alegrete,BR,2022-08-01 15:41:04,-29.7831,-55.7919,65.35,62,16,6.49
91,Narasannapeta,IN,2022-08-01 15:41:05,18.4167,84.05,82.83,82,97,6.08
92,Acapulco,MX,2022-08-01 15:41:05,16.8634,-99.8901,80.42,74,75,5.75
93,Biak,ID,2022-08-01 15:41:05,-0.9131,122.8766,74.57,88,48,3.67
94,Pangnirtung,CA,2022-08-01 15:41:06,66.1451,-65.7125,48.2,81,75,6.91
95,Inuvik,CA,2022-08-01 15:41:06,68.3499,-133.7218,49.06,96,100,4.61
96,Bauchi,NG,2022-08-01 15:41:07,10.5,10.0,81.05,65,99,5.73
97,Ippy,CF,2022-08-01 15:41:07,6.2679,21.2247,75.16,91,18,3.24
98,Souillac,MU,2022-08-01 15:41:08,-20.5167,57.5167,68.38,94,75,12.66
99,Nanakuli,US,2022-08-01 15:41:08,21.3906,-158.1547,76.1,78,18,10.94
100,Tabuk,PH,2022-08-01 15:41:08,17.4189,121.4443,74.25,96,100,2.15
101,Kapaa,US,2022-08-01 15:41:09,22.0752,-159.319,77.32,86,40,18.41
102,Thompson,CA,2022-08-01 15:41:09,55.7435,-97.8558,59.16,77,20,2.3
103,Lebu,CL,2022-08-01 15:41:10,-37.6167,-73.65,49.73,72,6,8.68
104,Tilichiki,RU,2022-08-01 15:41:10,60.4667,166.1,46.53,88,39,3.87
105,Daru,PG,2022-08-01 15:41:10,-9.0763,143.2092,76.8,91,89,11.23
106,Carnarvon,AU,2022-08-01 15:41:11,-24.8667,113.6333,69.06,61,75,23.55
107,Voyvozh,RU,2022-08-01 15:41:11,62.892,54.9635,65.07,80,100,3.6
108,Vostok,RU,2022-08-01 15:41:12,46.4856,135.8833,63.7,96,74,3.18
109,Dongsheng,CN,2022-08-01 15:41:12,39.8161,109.9776,76.59,52,77,19.51
110,Luchegorsk,RU,2022-08-01 15:41:13,46.4764,134.2569,70.02,97,28,4.81
111,Nouadhibou,MR,2022-08-01 15:41:13,20.931,-17.0347,80.58,69,28,12.66
112,Yellowknife,CA,2022-08-01 15:37:45,62.456,-114.3525,61.32,59,20,0.0
113,Khatanga,RU,2022-08-01 15:41:14,71.9667,102.5,46.18,72,100,6.42
114,Ahipara,NZ,2022-08-01 15:41:14,-35.1667,173.1667,47.61,84,75,4.25
115,Ucluelet,CA,2022-08-01 15:41:15,48.9329,-125.5528,59.09,93,100,3.0
116,Shache,CN,2022-08-01 15:41:15,38.4167,77.2406,78.71,32,100,4.45
117,Punta Arenas,CL,2022-08-01 15:39:21,-53.15,-70.9167,46.51,71,75,19.57
118,Challans,FR,2022-08-01 15:41:16,46.8436,-1.8749,86.2,63,63,12.64
119,Faanui,PF,2022-08-01 15:41:16,-16.4833,-151.75,78.06,70,25,25.72
120,Ladario,BR,2022-08-01 15:36:50,-19.0047,-57.6017,89.89,35,0,8.05
121,Samarai,PG,2022-08-01 15:41:17,-10.6167,150.6667,80.51,84,35,14.83
122,Auki,SB,2022-08-01 15:41:17,-8.7676,160.7034,77.41,84,96,4.34
123,Uglovka,RU,2022-08-01 15:41:17,58.2392,33.5108,57.9,84,100,8.1
124,Banda Aceh,ID,2022-08-01 15:41:18,5.5577,95.3222,79.84,80,94,10.54
125,Port Elizabeth,ZA,2022-08-01 15:40:43,-33.918,25.5701,57.49,70,0,5.75
126,Coihaique,CL,2022-08-01 15:41:18,-45.5752,-72.0662,40.95,70,0,2.3
127,Tygda,RU,2022-08-01 15:41:19,53.1167,126.3333,63.05,84,16,2.98
128,Wenling,CN,2022-08-01 15:41:19,28.3669,121.36,81.28,88,100,5.03
129,Dikson,RU,2022-08-01 15:41:19,73.5069,80.5464,41.95,95,62,10.13
130,Shelburne,CA,2022-08-01 15:41:20,44.0787,-80.2041,79.25,61,12,15.17
131,Rocha,UY,2022-08-01 15:41:20,-34.4833,-54.3333,60.62,69,8,7.02
132,Ribeira Grande,PT,2022-08-01 15:41:21,38.5167,-28.7,77.4,73,20,4.61
133,Iqaluit,CA,2022-08-01 15:40:33,63.7506,-68.5145,49.73,87,75,3.44
134,Hamilton,US,2022-08-01 15:38:26,39.1834,-84.5333,78.67,88,100,16.11
135,Pahrump,US,2022-08-01 15:42:22,36.2083,-115.9839,82.26,69,49,3.0
136,Serebryansk,KZ,2022-08-01 15:42:23,49.6925,83.2892,60.3,81,91,1.54
137,Gat,IL,2022-08-01 15:42:23,31.61,34.7642,88.79,14,23,8.68
138,Molchanovo,RU,2022-08-01 15:42:23,57.5817,83.7692,53.51,81,86,5.44
139,Fort-Shevchenko,KZ,2022-08-01 15:42:24,44.5086,50.263,83.91,48,0,17.58
140,Victoria,HK,2022-08-01 15:39:15,22.2855,114.1577,88.32,76,44,8.01
141,Longyearbyen,SJ,2022-08-01 15:42:24,78.2186,15.6401,51.64,76,75,3.44
142,Prainha,BR,2022-08-01 15:42:25,-1.8,-53.48,89.69,51,49,5.93
143,Tel Aviv-Yafo,IL,2022-08-01 15:42:25,32.0805,34.7805,88.11,69,0,9.22
144,Pauini,BR,2022-08-01 15:42:26,-7.7136,-66.9764,95.32,36,84,2.95
145,Gharghoda,IN,2022-08-01 15:42:26,22.1667,83.35,83.98,68,100,0.34
146,Farah,AF,2022-08-01 15:42:26,32.5,62.5,89.17,14,32,18.99
147,Naze,JP,2022-08-01 15:42:27,28.3667,129.4833,79.72,84,34,13.78
148,Adrar,MR,2022-08-01 15:42:27,20.5022,-10.0711,101.84,23,23,6.55
149,Dunedin,NZ,2022-08-01 15:42:08,-45.8742,170.5036,55.8,51,100,4.0
150,Antofagasta,CL,2022-08-01 15:40:17,-23.65,-70.4,65.21,59,44,7.25
151,Saint-Philippe,RE,2022-08-01 15:42:28,-21.3585,55.7679,69.39,78,31,3.42
152,Comodoro Rivadavia,AR,2022-08-01 15:42:28,-45.8667,-67.5,46.26,46,0,2.3
153,Homestead,US,2022-08-01 15:41:46,25.4687,-80.4776,91.02,74,4,5.01
154,Tomaszow Lubelski,PL,2022-08-01 15:42:29,50.4477,23.4162,71.11,59,81,6.85
155,Kaabong,UG,2022-08-01 15:42:29,3.4836,34.1492,64.8,84,100,3.02
156,Talnakh,RU,2022-08-01 15:42:30,69.4865,88.3972,51.21,61,2,13.85
157,Constitucion,CL,2022-08-01 15:42:30,-35.3333,-72.4167,54.68,65,99,8.68
158,Roswell,US,2022-08-01 15:42:31,34.0232,-84.3616,81.59,85,100,6.91
159,Lucapa,AO,2022-08-01 15:42:31,-8.4192,20.7447,87.87,20,4,3.67
160,Norman Wells,CA,2022-08-01 15:42:31,65.282,-126.8329,59.04,63,75,2.3
161,Pontal Do Parana,BR,2022-08-01 15:42:32,-25.6533,-48.5128,72.99,65,0,6.08
162,Saint George,US,2022-08-01 15:38:22,37.1041,-113.5841,83.79,58,0,5.75
163,Sevenoaks,GB,2022-08-01 15:42:32,51.27,0.1928,82.56,51,20,11.5
164,Guerrero Negro,MX,2022-08-01 15:42:33,27.9769,-114.0611,78.42,53,58,6.98
165,Kirkuk,IQ,2022-08-01 15:42:33,35.4681,44.3922,106.34,8,1,8.32
166,Narsaq,GL,2022-08-01 15:42:34,60.9167,-46.05,52.02,79,100,7.99
167,Oranjemund,NA,2022-08-01 15:42:35,-28.55,16.4333,61.77,53,94,8.32
168,Requena,ES,2022-08-01 15:42:35,39.4883,-1.1004,81.79,38,28,15.73
169,Wanning,CN,2022-08-01 15:42:35,18.8003,110.3967,81.82,77,99,5.68
170,Leningradskiy,RU,2022-08-01 15:42:36,69.3833,178.4167,42.01,83,37,6.49
171,Torbay,CA,2022-08-01 15:42:36,47.6666,-52.7314,80.89,57,20,18.41
172,Oktyabrskoye,RU,2022-08-01 15:42:36,43.0645,44.7417,86.14,48,11,13.42
173,Xalpatlahuac,MX,2022-08-01 15:42:37,17.4667,-98.6167,68.65,75,85,4.36
174,Qaanaaq,GL,2022-08-01 15:42:37,77.484,-69.3632,47.48,55,74,2.68
175,Grindavik,IS,2022-08-01 15:42:38,63.8424,-22.4338,54.07,62,40,23.02
176,Ueda,JP,2022-08-01 15:42:30,36.4,138.2667,76.71,94,100,1.79
177,Tautira,PF,2022-08-01 15:42:38,-17.7333,-149.15,77.07,67,40,23.13
178,Aripuana,BR,2022-08-01 15:41:26,-9.1667,-60.6333,96.15,26,79,4.03
179,Sitka,US,2022-08-01 15:40:37,57.0531,-135.33,57.09,88,100,10.36
180,Riobamba,EC,2022-08-01 15:42:39,-1.6667,-78.6333,57.56,88,75,4.61
181,Nishihara,JP,2022-08-01 15:43:39,26.1842,127.7558,79.88,89,75,12.66
182,Tura,IN,2022-08-01 15:43:40,25.5198,90.2201,73.58,96,100,2.98
183,Bandarbeyla,SO,2022-08-01 15:43:40,9.4942,50.8122,76.41,84,25,30.24
184,Charters Towers,AU,2022-08-01 15:43:41,-20.1,146.2667,60.33,95,0,5.88
185,Ginda,IN,2022-08-01 15:43:41,30.6945,78.4932,65.79,95,53,0.29
186,Shingu,JP,2022-08-01 15:43:42,33.7333,135.9833,77.83,92,100,5.5
187,Yarkovo,RU,2022-08-01 15:43:42,57.4028,67.0786,58.71,77,100,4.18
188,Egvekinot,RU,2022-08-01 15:43:42,66.3167,-179.1667,47.01,63,9,1.77
189,Liepaja,LV,2022-08-01 15:43:43,56.5419,21.0367,67.98,68,0,8.05
190,Blythe,US,2022-08-01 15:43:43,33.6103,-114.5964,91.04,55,0,13.8
191,Dingle,PH,2022-08-01 15:43:44,10.9995,122.6711,76.08,89,97,2.33
192,Camabatela,AO,2022-08-01 15:43:44,-8.1881,15.375,80.53,27,89,7.81
193,Kalmunai,LK,2022-08-01 15:43:44,7.4167,81.8167,79.57,80,99,7.45
194,Najran,SA,2022-08-01 15:43:45,17.4924,44.1277,79.45,55,47,15.39
195,Muriwai Beach,NZ,2022-08-01 15:43:46,-36.8167,174.45,44.76,86,93,4.47
196,Tasiilaq,GL,2022-08-01 15:43:46,65.6145,-37.6368,48.36,64,6,3.09
197,Lorengau,PG,2022-08-01 15:43:46,-2.0226,147.2712,80.73,82,99,10.92
198,Tigil,RU,2022-08-01 15:43:47,57.8,158.6667,48.2,90,76,5.44
199,Price,US,2022-08-01 15:43:47,39.5994,-110.8107,76.26,41,0,5.75
200,Logresti,RO,2022-08-01 15:43:48,44.9,23.7,81.63,32,50,6.35
201,Georgetown,MY,2022-08-01 15:41:40,5.4112,100.3354,82.89,91,20,7.0
202,Urucara,BR,2022-08-01 15:43:48,-2.5364,-57.76,90.66,48,92,3.91
203,Santa Ana,US,2022-08-01 15:41:06,33.7456,-117.8678,84.56,73,40,3.0
204,Ukiah,US,2022-08-01 15:43:49,39.1502,-123.2078,79.38,68,0,3.44
205,Karabash,RU,2022-08-01 15:43:49,55.4808,60.2157,60.26,96,100,2.51
206,Binzhou,CN,2022-08-01 15:43:50,37.3667,118.0167,77.31,82,0,5.79
207,Myanaung,MM,2022-08-01 15:43:50,18.2833,95.3167,83.07,76,100,7.61
208,Raudeberg,NO,2022-08-01 15:43:51,61.9875,5.1352,59.95,74,13,16.2
209,Brainerd,US,2022-08-01 15:43:51,46.358,-94.2008,70.05,63,0,11.5
210,Shahr-E Kord,IR,2022-08-01 15:43:51,32.3256,50.8644,80.37,36,40,9.22
211,Tuktoyaktuk,CA,2022-08-01 15:43:52,69.4541,-133.0374,50.0,93,75,8.05
212,Namibe,AO,2022-08-01 15:43:52,-15.1961,12.1522,66.33,51,62,16.87
213,Preobrazheniye,RU,2022-08-01 15:43:53,42.9019,133.9064,68.68,97,100,4.61
214,Urman,RU,2022-08-01 15:43:53,54.8831,56.8742,63.0,94,78,6.02
215,Zaysan,KZ,2022-08-01 15:43:53,47.4667,84.8667,68.61,44,54,5.7
216,Jawhar,SO,2022-08-01 15:43:54,2.7809,45.5005,76.19,67,0,16.51
217,Montepuez,MZ,2022-08-01 15:43:54,-13.1256,38.9997,75.58,44,77,8.12
218,Shamkhal,RU,2022-08-01 15:43:55,43.0596,47.3373,80.58,51,0,9.17
219,Moussoro,TD,2022-08-01 15:43:55,13.6408,16.4901,79.97,67,99,7.58
220,Anadyr,RU,2022-08-01 15:43:55,64.75,177.4833,45.1,81,0,2.24
221,Douglas,US,2022-08-01 15:41:15,41.3,-96.167,85.6,62,0,4.61
222,Gisborne,NZ,2022-08-01 15:43:56,-38.6533,178.0042,44.46,82,50,9.64
223,Mporokoso,ZM,2022-08-01 15:43:56,-9.3727,30.125,72.41,27,6,5.84
224,San Cristobal,VE,2022-08-01 15:43:57,7.7669,-72.225,75.38,59,56,7.25
225,Codrington,AU,2022-08-01 15:44:57,-38.2667,141.9667,47.48,95,28,12.55
226,Mabaruma,GY,2022-08-01 15:44:58,8.2,-59.7833,80.6,83,75,4.61
227,Luderitz,NA,2022-08-01 15:44:58,-26.6481,15.1594,55.04,77,13,10.78
228,Espanola,US,2022-08-01 15:44:59,35.9911,-106.0806,77.0,40,17,3.2
229,Harnosand,SE,2022-08-01 15:44:59,62.6323,17.9379,64.42,81,100,7.67
230,Pudozh,RU,2022-08-01 15:45:00,61.8099,36.5345,67.91,57,86,5.08
231,Cherskiy,RU,2022-08-01 15:45:00,68.75,161.3,59.77,48,100,14.41
232,Simcoe,CA,2022-08-01 15:45:00,42.8334,-80.2997,80.73,84,20,19.82
233,Camacha,PT,2022-08-01 15:45:01,33.0833,-16.3333,72.82,64,20,18.41
234,Nassau,US,2022-08-01 15:43:30,40.7507,-73.5829,72.66,52,100,8.05
235,Chuy,UY,2022-08-01 15:45:02,-33.6971,-53.4616,57.88,82,100,5.79
236,Hrymayliv,UA,2022-08-01 15:45:02,49.3321,26.0111,65.14,80,100,8.66
237,Awjilah,LY,2022-08-01 15:45:02,29.1081,21.2869,99.21,14,0,13.0
238,Kavieng,PG,2022-08-01 15:45:03,-2.5744,150.7967,81.73,81,94,16.55
239,Praia Da Vitoria,PT,2022-08-01 15:45:03,38.7333,-27.0667,79.05,73,40,7.9
240,Grand-Lahou,CI,2022-08-01 15:45:04,5.1367,-5.0242,75.9,78,100,11.81
241,Andrews,US,2022-08-01 15:42:25,32.3187,-102.5457,87.08,38,0,14.97
242,Nuuk,GL,2022-08-01 15:44:31,64.1835,-51.7216,52.41,82,75,12.66
243,Moissala,TD,2022-08-01 15:45:05,8.3404,17.7663,75.69,91,85,5.41
244,Horsham,GB,2022-08-01 15:45:05,51.064,-0.3272,82.29,60,40,9.22
245,Kumta,IN,2022-08-01 15:45:05,14.4167,74.4,80.35,85,100,10.16
246,Loreto,MX,2022-08-01 15:45:06,22.2667,-101.9667,67.77,49,89,6.42
247,Nelson Bay,AU,2022-08-01 15:45:06,-32.7167,152.15,53.01,95,0,7.0
248,Troy,US,2022-08-01 15:45:07,42.6056,-83.1499,81.68,73,100,14.97
249,Giresun,TR,2022-08-01 15:45:07,40.5,38.5,53.87,84,22,9.46
250,Korla,CN,2022-08-01 15:45:08,41.7597,86.1469,79.61,43,100,16.4
251,College,US,2022-08-01 15:45:08,64.8569,-147.8028,58.28,91,75,3.44
252,Semey,KZ,2022-08-01 15:45:08,50.4111,80.2275,72.12,54,75,4.63
253,Orissaare,EE,2022-08-01 15:45:09,58.5592,23.0826,67.95,84,100,9.19
254,Santa Cruz,BO,2022-08-01 15:44:24,-17.8,-63.1667,78.85,65,75,5.75
255,Komsomolskiy,UZ,2022-08-01 15:45:09,40.4272,71.7189,82.09,31,100,10.42
256,Kapra,IN,2022-08-01 15:45:10,17.4846,78.561,79.5,100,75,0.0
257,Mahebourg,MU,2022-08-01 15:45:10,-20.4081,57.7,68.29,94,75,12.66
258,Bethel,US,2022-08-01 15:42:48,41.3712,-73.414,75.56,83,100,4.61
259,Sikonge,TZ,2022-08-01 15:45:11,-5.6333,32.7667,77.65,33,64,0.6
260,Omsukchan,RU,2022-08-01 15:45:12,62.5333,155.8,44.37,97,63,6.85
261,Linhares,BR,2022-08-01 15:45:12,-19.3911,-40.0722,80.06,52,92,2.37
262,La Ronge,CA,2022-08-01 15:45:04,55.1001,-105.2842,61.02,82,75,3.44
263,Honningsvag,NO,2022-08-01 15:45:13,70.9821,25.9704,49.75,100,100,3.44
264,Castro,BR,2022-08-01 15:45:13,-24.7911,-50.0119,66.24,59,51,4.74
265,Aitape,PG,2022-08-01 15:45:13,-3.1374,142.3475,77.76,89,64,5.46
266,Udankudi,IN,2022-08-01 15:45:14,8.4333,78.0167,78.6,76,100,13.76
267,Viedma,AR,2022-08-01 15:45:14,-40.8135,-62.9967,54.32,47,100,6.64
268,Tacna,PE,2022-08-01 15:45:06,-18.0056,-70.2483,54.5,76,100,0.0
269,Cayenne,GF,2022-08-01 15:45:15,4.9333,-52.3333,91.44,36,75,3.44
270,Airai,TL,2022-08-01 15:46:15,-8.9266,125.4092,57.06,94,98,2.59
271,Suez,EG,2022-08-01 15:46:16,29.9737,32.5263,95.97,26,4,15.86
272,Fontenay-Le-Comte,FR,2022-08-01 15:46:16,46.5833,-1.0,86.45,26,65,12.35
273,Saint-Augustin,CA,2022-08-01 15:46:16,51.226,-58.6502,70.12,45,92,5.55
274,Belmonte,BR,2022-08-01 15:46:17,-15.8631,-38.8828,78.13,68,39,6.62
275,Laguna,US,2022-08-01 15:46:17,38.421,-121.4238,76.01,69,0,4.61
276,Les Cayes,HT,2022-08-01 15:46:18,18.2,-73.75,90.59,57,10,10.76
277,Chimoio,MZ,2022-08-01 15:46:18,-19.1164,33.4833,67.95,56,75,9.22
278,Vanavara,RU,2022-08-01 15:46:18,60.34,102.2797,62.42,96,89,4.5
279,Cockburn Town,TC,2022-08-01 15:44:23,21.4612,-71.1419,84.16,74,40,17.27
280,Hithadhoo,MV,2022-08-01 15:46:19,-0.6,73.0833,81.97,66,95,14.0
281,Fort William,GB,2022-08-01 15:46:19,56.8165,-5.1121,62.44,71,98,5.1
282,Zhanaozen,KZ,2022-08-01 15:46:20,43.3,52.8,92.62,20,23,8.72
283,Grand Gaube,MU,2022-08-01 15:46:20,-20.0064,57.6608,68.4,87,90,5.01
284,Yabrud,SY,2022-08-01 15:46:21,33.9674,36.6574,81.14,22,0,5.28
285,Prince Rupert,CA,2022-08-01 15:42:01,54.3161,-130.3201,59.09,91,75,14.97
286,Hasaki,JP,2022-08-01 15:46:21,35.7333,140.8333,81.28,91,60,3.42
287,Alofi,NU,2022-08-01 15:46:22,-19.0595,-169.9187,67.89,94,3,2.3
288,Manokwari,ID,2022-08-01 15:46:22,-0.8667,134.0833,77.95,79,29,3.42
289,Kamaishi,JP,2022-08-01 15:46:23,39.2667,141.8833,73.76,97,99,6.67
290,Albertville,US,2022-08-01 15:43:07,34.2676,-86.2089,76.95,90,75,0.0
291,Touros,BR,2022-08-01 15:46:23,-5.1989,-35.4608,83.16,64,50,17.72
292,Denpasar,ID,2022-08-01 15:43:09,-8.65,115.2167,80.26,88,40,10.36
293,Loyga,RU,2022-08-01 15:46:24,61.0784,44.6075,63.72,73,98,2.91
294,Hongjiang,CN,2022-08-01 15:46:25,27.11,109.9956,81.28,69,39,2.91
295,Falun,SE,2022-08-01 15:46:25,60.6036,15.626,64.94,84,98,4.63
296,Van,TR,2022-08-01 15:46:25,38.4924,43.3831,83.55,34,20,9.22
297,Goderich,CA,2022-08-01 15:46:26,43.7501,-81.7165,78.91,73,79,13.8
298,Aklavik,CA,2022-08-01 15:46:26,68.2191,-135.0107,52.18,66,53,5.68
299,Mayo,US,2022-08-01 15:46:27,38.8876,-76.5119,82.36,75,75,5.75
300,Bousso,TD,2022-08-01 15:46:27,10.4795,16.7117,75.22,89,100,3.71
301,Lompoc,US,2022-08-01 15:46:27,34.6391,-120.4579,74.93,82,100,5.01
302,Isangel,VU,2022-08-01 15:46:24,-19.55,169.2667,74.46,88,67,12.55
303,Talara,PE,2022-08-01 15:46:28,-4.5772,-81.2719,68.76,73,0,18.41
304,Alice Springs,AU,2022-08-01 15:46:28,-23.7,133.8833,63.95,32,97,6.91
305,Aulnoye-Aymeries,FR,2022-08-01 15:46:29,50.2014,3.8384,79.83,59,78,1.86
306,Ponta Delgada,PT,2022-08-01 15:46:29,37.7333,-25.6667,74.12,73,75,6.91
307,Tiarei,PF,2022-08-01 15:46:30,-17.5333,-149.3333,71.62,65,33,24.2
308,Bandar-E Lengeh,IR,2022-08-01 15:46:30,26.5579,54.8807,95.11,59,69,9.22
309,Abay,KZ,2022-08-01 15:46:30,49.6311,72.8539,61.18,59,100,5.61
310,Lisakovsk,KZ,2022-08-01 15:46:31,52.5369,62.4936,70.68,64,89,6.96
311,Iskateley,RU,2022-08-01 15:46:31,67.6803,53.1512,70.27,61,87,13.85
312,Fairbanks,US,2022-08-01 15:42:47,64.8378,-147.7164,58.3,92,75,3.44
313,Monroe,US,2022-08-01 15:45:04,43.1501,-77.6831,85.86,58,20,10.36
314,Muros,ES,2022-08-01 15:46:32,42.7762,-9.0603,98.69,40,0,12.37
315,Vestmannaeyjar,IS,2022-08-01 15:46:32,63.4427,-20.2734,56.39,54,20,18.41
316,Karratha,AU,2022-08-01 15:47:33,-20.7377,116.8463,73.99,74,21,11.83
317,Santiago Del Estero,AR,2022-08-01 15:47:26,-27.7951,-64.2615,74.44,24,0,8.12
318,Kushmurun,KZ,2022-08-01 15:47:34,52.4503,64.6311,72.88,54,93,4.14
319,Kushiro,JP,2022-08-01 15:47:34,42.975,144.3747,58.73,94,100,5.1
320,Kungurtug,RU,2022-08-01 15:47:34,50.5994,97.5228,56.62,95,96,3.71
321,San Quintin,MX,2022-08-01 15:47:35,30.4833,-115.95,74.12,67,16,6.89
322,Forio,IT,2022-08-01 15:47:35,40.7342,13.8646,93.49,48,0,15.01
323,Bustamante,MX,2022-08-01 15:47:36,26.5333,-100.5,85.53,48,1,5.41
324,Esperance,AU,2022-08-01 15:47:36,-33.8667,121.9,58.84,77,7,27.54
325,Qinhuangdao,CN,2022-08-01 15:47:36,39.9317,119.5883,76.66,92,3,1.77
326,Jumla,NP,2022-08-01 15:47:37,29.2747,82.1838,63.61,98,99,1.7
327,Nsanje,MW,2022-08-01 15:47:37,-16.92,35.262,73.13,62,81,7.83
328,Pitimbu,BR,2022-08-01 15:47:38,-7.4706,-34.8086,84.79,70,15,17.36
329,Maumere,ID,2022-08-01 15:47:38,-8.6199,122.2111,76.71,80,99,3.47
330,Morondava,MG,2022-08-01 15:47:38,-20.2833,44.2833,76.53,75,30,13.4
331,Diu,IN,2022-08-01 15:47:39,20.7141,70.9822,81.57,78,52,11.72
332,Coquimbo,CL,2022-08-01 15:47:39,-29.9533,-71.3436,53.33,100,100,1.14
333,Alyangula,AU,2022-08-01 15:47:40,-13.8483,136.4192,70.84,91,17,7.94
334,Saint Anthony,US,2022-08-01 15:47:40,45.0205,-93.218,76.01,62,0,12.66
335,Chiang Klang,TH,2022-08-01 15:47:41,19.2938,100.8617,75.06,99,100,1.57
336,Vung Tau,VN,2022-08-01 15:45:53,10.346,107.0843,81.19,83,100,8.86
337,Bushenyi,UG,2022-08-01 15:47:41,-0.5853,30.2114,65.25,83,70,1.59
338,Kahului,US,2022-08-01 15:47:42,20.8947,-156.47,75.85,83,75,11.5
339,San Patricio,US,2022-08-01 15:47:43,28.017,-97.5169,88.18,48,12,9.69
340,Ekibastuz,KZ,2022-08-01 15:47:43,51.6667,75.3667,71.33,67,94,8.48
341,Madaoua,NE,2022-08-01 15:47:43,14.073,5.96,90.09,42,39,14.74
342,Cidreira,BR,2022-08-01 15:47:44,-30.1811,-50.2056,64.92,64,43,2.57
343,Ingham,US,2022-08-01 15:47:44,42.6,-84.3833,75.15,88,100,6.91
344,Genhe,CN,2022-08-01 15:47:45,50.7833,121.5167,58.91,91,0,1.79
345,Jiexiu,CN,2022-08-01 15:47:45,37.0244,111.9125,76.33,68,28,5.37
346,Chapais,CA,2022-08-01 15:47:44,49.7834,-74.8492,69.58,48,100,13.76
347,Umea,SE,2022-08-01 15:47:46,63.8284,20.2597,64.33,82,0,8.05
348,Shenxian,CN,2022-08-01 15:47:46,36.2411,115.6672,82.72,69,34,4.81
349,Lavrentiya,RU,2022-08-01 15:47:46,65.5833,-171.0,44.58,84,92,2.89
350,Port Hedland,AU,2022-08-01 15:47:47,-20.3167,118.5667,71.65,88,7,8.05
351,Qaqortoq,GL,2022-08-01 15:47:47,60.7167,-46.0333,48.49,81,100,8.72
352,Kruisfontein,ZA,2022-08-01 15:47:48,-34.0033,24.7314,51.31,68,0,6.17
353,Bristol,US,2022-08-01 15:46:48,41.8334,-71.1662,84.04,66,20,7.0
354,Kandrian,PG,2022-08-01 15:47:49,-6.2167,149.55,77.38,90,91,7.94
355,Honiara,SB,2022-08-01 15:47:49,-9.4333,159.95,76.55,84,53,6.73
356,Maragheh,IR,2022-08-01 15:47:49,37.3917,46.2398,95.27,14,20,2.3
357,Marawi,PH,2022-08-01 15:47:50,7.9986,124.2928,68.95,93,97,1.32
358,Khasan,RU,2022-08-01 15:47:50,42.4308,130.6434,71.35,98,64,2.59
359,Ouallam,NE,2022-08-01 15:47:51,14.3188,2.0866,94.66,35,17,13.67
360,Saldanha,ZA,2022-08-01 15:48:51,-33.0117,17.9442,62.65,69,0,10.2
361,Ancud,CL,2022-08-01 15:48:52,-41.8697,-73.8203,43.23,73,100,1.61
362,Yerbogachen,RU,2022-08-01 15:48:52,61.2767,108.0108,68.74,69,100,3.83
363,Worland,US,2022-08-01 15:48:52,44.0169,-107.9554,89.6,37,0,0.0
364,Ramos Arizpe,MX,2022-08-01 15:48:53,25.55,-100.9667,79.95,42,0,3.31
365,Luena,AO,2022-08-01 15:48:53,-11.7833,19.9167,80.02,18,3,3.85
366,Sao Joao Da Barra,BR,2022-08-01 15:48:54,-21.6403,-41.0511,78.89,72,78,11.27
367,Nicoya,CR,2022-08-01 15:48:54,10.1483,-85.452,83.64,67,72,4.74
368,Sergeyevka,KZ,2022-08-01 15:48:55,53.88,67.4158,64.35,90,99,7.18
369,Bilma,NE,2022-08-01 15:48:55,18.6853,12.9164,103.14,20,9,5.12
370,Fiumicino,IT,2022-08-01 15:46:59,41.7675,12.2291,95.94,53,0,12.66
371,Beringovskiy,RU,2022-08-01 15:48:56,63.05,179.3167,49.68,65,97,3.42
372,Sangmelima,CM,2022-08-01 15:48:56,2.9333,11.9833,74.97,72,96,0.89
373,Havre-Saint-Pierre,CA,2022-08-01 15:48:56,50.2334,-63.5986,71.96,64,0,8.05
374,Shiyan,CN,2022-08-01 15:48:57,32.6475,110.7781,78.49,78,1,0.83
375,Bataipora,BR,2022-08-01 15:48:57,-22.2953,-53.2711,88.99,22,0,4.9
376,Wairoa,NZ,2022-08-01 15:48:58,-39.0333,177.3667,39.54,91,56,1.99
377,Clyde River,CA,2022-08-01 15:48:58,70.4692,-68.5914,37.63,100,100,13.8
378,Nizhniy Kuranakh,RU,2022-08-01 15:48:58,58.8353,125.4869,61.79,96,100,3.36
379,Maksatikha,RU,2022-08-01 15:48:59,57.797,35.8825,66.2,64,100,3.6
380,Mogadishu,SO,2022-08-01 15:48:59,2.0371,45.3438,76.48,79,2,17.4
381,Sechura,PE,2022-08-01 15:48:59,-5.5569,-80.8222,72.23,63,69,8.63
382,Hofn,IS,2022-08-01 15:49:00,64.2539,-15.2082,53.62,62,20,9.22
383,Wuwei,CN,2022-08-01 15:49:00,37.9281,102.6414,77.9,53,88,5.1
384,Nantucket,US,2022-08-01 15:49:01,41.2835,-70.0995,79.09,81,100,4.61
385,Gigmoto,PH,2022-08-01 15:49:01,13.7796,124.39,80.67,85,99,6.02
386,Pachino,IT,2022-08-01 15:49:02,36.7186,15.0907,82.81,64,47,8.61
387,Lake Wales,US,2022-08-01 15:44:47,27.9014,-81.5859,92.98,66,0,4.61
388,Maragogi,BR,2022-08-01 15:49:02,-9.0122,-35.2225,79.11,65,22,13.02
389,Kondinskoye,RU,2022-08-01 15:49:03,59.6481,67.41,59.79,60,70,7.58
390,Mildura,AU,2022-08-01 15:49:03,-34.2,142.15,46.11,54,0,10.18
391,Mosquera,CO,2022-08-01 15:49:04,4.7059,-74.2302,64.49,55,20,9.22
392,Piedras Negras,MX,2022-08-01 15:49:04,28.7,-100.5167,88.27,54,10,8.63
393,Zhigansk,RU,2022-08-01 15:49:04,66.7697,123.3711,55.63,75,64,17.58
394,Mattru,SL,2022-08-01 15:49:05,7.6244,-11.8332,77.88,87,96,6.04
395,Pandamatenga,BW,2022-08-01 15:49:05,-18.5278,25.627,71.35,22,0,12.3
396,Bodden Town,KY,2022-08-01 15:49:06,19.2833,-81.25,89.6,70,40,10.36
397,Bereda,ES,2022-08-01 15:49:07,43.2686,-7.5406,79.63,54,6,8.5
398,Lagos,NG,2022-08-01 15:48:44,6.5833,3.75,77.36,84,72,11.39
399,Santa Maria,BR,2022-08-01 15:49:07,-29.6842,-53.8069,52.9,100,100,2.3
400,Vila,PT,2022-08-01 15:49:08,42.0304,-8.1588,92.7,27,1,12.73
401,Maniitsoq,GL,2022-08-01 15:49:08,65.4167,-52.9,45.28,94,100,3.58
402,Hami,CN,2022-08-01 15:49:08,42.8,93.45,85.44,25,9,3.47
403,Elk Plain,US,2022-08-01 15:49:09,47.0532,-122.3976,74.75,73,0,1.99
404,Yar-Sale,RU,2022-08-01 15:49:09,66.8333,70.8333,54.5,71,10,4.7
405,Carmen,MX,2022-08-01 15:45:33,18.6333,-91.8333,82.44,78,75,11.5
406,Oxford,GB,2022-08-01 15:45:57,51.7522,-1.256,84.06,37,0,11.5
407,Boone,US,2022-08-01 15:50:10,39.0334,-92.3335,87.62,63,7,9.33
408,Ayan,RU,2022-08-01 15:50:11,56.45,138.1667,56.46,92,100,15.37
409,Lagoa,PT,2022-08-01 15:50:11,39.05,-27.9833,73.71,72,5,6.76
410,Florence,IT,2022-08-01 15:46:08,43.7667,11.25,101.05,26,20,12.66
411,Pangody,RU,2022-08-01 15:50:12,65.85,74.4859,56.34,61,6,8.05
412,Buala,SB,2022-08-01 15:50:12,-8.145,159.5921,80.56,79,67,10.38
413,Acari,PE,2022-08-01 15:50:13,-15.4311,-74.6158,70.38,53,48,6.76
414,Kuala Selangor,MY,2022-08-01 15:50:13,3.35,101.25,82.6,85,100,4.74
415,Waterloo,CA,2022-08-01 15:50:13,43.4668,-80.5164,80.65,68,75,16.11
416,Graciano Sanchez,MX,2022-08-01 15:50:14,23.9167,-99.2833,87.58,46,0,6.02
417,Pevek,RU,2022-08-01 15:50:14,69.7008,170.3133,47.73,67,48,15.77
418,Marquette,US,2022-08-01 15:50:15,46.5333,-87.6335,64.17,95,100,11.05
419,Yuanping,CN,2022-08-01 15:50:15,38.7153,112.7575,71.87,77,0,1.21
420,Tacuarembo,UY,2022-08-01 15:50:15,-31.7333,-55.9833,61.03,63,30,5.28
421,Inhambane,MZ,2022-08-01 15:50:16,-23.865,35.3833,71.58,73,75,15.01
422,Quatre Cocos,MU,2022-08-01 15:50:16,-20.2078,57.7625,68.11,77,85,13.8
423,Taoudenni,ML,2022-08-01 15:50:17,22.6783,-3.9836,113.97,5,24,3.87
424,Cowra,AU,2022-08-01 15:50:17,-33.8333,148.6833,38.5,89,0,2.86
425,Roxana,CR,2022-08-01 15:50:17,10.2753,-83.7513,87.03,59,17,4.45
426,Hobyo,SO,2022-08-01 15:50:18,5.3505,48.5268,76.5,77,1,28.12
427,Tynda,RU,2022-08-01 15:50:18,55.1667,124.7167,59.86,95,82,3.51
428,Bengkulu,ID,2022-08-01 15:50:19,-3.8004,102.2655,76.93,90,100,4.43
429,Gulf Gate Estates,US,2022-08-01 15:50:19,27.2517,-82.5147,93.06,61,20,8.05
430,Seddon,AU,2022-08-01 15:50:20,-37.8068,144.8916,54.3,78,0,10.36
431,Sao Francisco De Assis,BR,2022-08-01 15:50:21,-29.5503,-55.1311,65.64,62,4,5.3
432,Pacific Grove,US,2022-08-01 15:50:21,36.6177,-121.9166,67.33,87,0,4.0
433,Port-Gentil,GA,2022-08-01 15:50:21,-0.7193,8.7815,78.76,73,40,16.11
434,Nogliki,RU,2022-08-01 15:50:22,51.8333,143.1667,53.74,93,34,6.53
435,Cabedelo,BR,2022-08-01 15:50:22,-6.9811,-34.8339,84.87,73,14,18.32
436,Basoko,CD,2022-08-01 15:50:23,1.2391,23.616,77.16,78,98,2.33
437,San,ML,2022-08-01 15:50:23,13.3034,-4.8956,81.27,65,100,7.63
438,Marinette,US,2022-08-01 15:50:23,45.1,-87.6307,77.09,73,75,11.5
439,Aquidauana,BR,2022-08-01 15:50:24,-20.4711,-55.7872,93.4,19,0,5.53
440,Lasa,IT,2022-08-01 15:50:24,46.6166,10.7002,85.69,41,41,0.76
441,Itarema,BR,2022-08-01 15:50:25,-2.9248,-39.9167,88.03,52,25,18.57
442,Kasongo,CD,2022-08-01 15:50:25,-4.45,26.6667,74.57,78,80,4.09
443,Roseburg,US,2022-08-01 15:49:12,43.2165,-123.3417,71.19,68,0,4.61
444,Ibi,ES,2022-08-01 15:50:26,38.6253,-0.5723,84.33,39,3,7.72
445,Haines Junction,CA,2022-08-01 15:50:26,60.7522,-137.5108,51.75,82,16,1.14
446,Reconquista,AR,2022-08-01 15:50:27,-29.15,-59.65,70.68,43,0,5.88
447,Santa Helena De Goias,BR,2022-08-01 15:51:27,-17.8136,-50.5969,89.17,21,0,4.23
448,Caluquembe,AO,2022-08-01 15:51:28,-13.7833,14.6833,71.49,19,50,8.95
449,Ust-Tsilma,RU,2022-08-01 15:51:28,65.441,52.1498,68.67,73,100,5.66
450,Bilibino,RU,2022-08-01 15:51:28,68.0546,166.4372,49.44,72,10,3.51
451,Buraydah,SA,2022-08-01 15:51:29,26.326,43.975,108.05,16,90,10.78
452,Namie,JP,2022-08-01 15:51:29,37.4833,141.0,76.98,93,88,2.28
453,Aleksandrov Gay,RU,2022-08-01 15:51:30,50.147,48.5704,83.88,34,42,13.51
454,Progreso,MX,2022-08-01 15:47:33,21.2833,-89.6667,88.11,63,15,9.17
455,Kaeo,NZ,2022-08-01 15:51:30,-35.1,173.7833,44.33,94,98,0.69
456,Orda,RU,2022-08-01 15:51:31,57.1951,56.9091,65.3,73,69,5.55
457,Igrim,RU,2022-08-01 15:51:31,63.1906,64.4162,61.45,53,7,5.5
458,Gornopravdinsk,RU,2022-08-01 15:51:31,60.05,69.9,56.77,66,3,5.55
459,Kramat,ID,2022-08-01 15:51:32,-8.1311,113.4499,73.45,94,55,0.89
460,Mnogovershinnyy,RU,2022-08-01 15:51:32,53.9353,139.9242,60.49,86,92,3.49
461,Noyabrsk,RU,2022-08-01 15:51:33,63.1994,75.4507,55.22,64,2,9.75
462,Bibiani,GH,2022-08-01 15:51:33,6.4635,-2.3194,73.2,92,100,4.92
463,Bangassou,CF,2022-08-01 15:51:34,4.7413,22.8184,74.64,92,45,0.65
464,Uncia,BO,2022-08-01 15:51:34,-18.467,-66.5685,58.33,13,0,4.97
465,Ouango,CF,2022-08-01 15:51:34,4.3133,22.5552,77.52,83,65,1.25
466,Jining,CN,2022-08-01 15:51:35,35.405,116.5814,83.17,72,99,1.54
467,Saint Austell,GB,2022-08-01 15:51:35,50.3383,-4.7658,74.01,78,20,11.5
468,Brownsville,US,2022-08-01 15:49:41,25.9018,-97.4975,89.91,66,0,11.5
469,Yulara,AU,2022-08-01 15:51:36,-25.2406,130.9889,62.11,34,92,7.23
470,Asau,RO,2022-08-01 15:51:36,46.4333,26.4,69.28,81,71,2.37
471,Safakulevo,RU,2022-08-01 15:51:36,54.9901,62.5442,62.62,91,66,7.52
472,Ambulu,ID,2022-08-01 15:51:37,-8.345,113.6058,73.72,93,31,2.48
473,Tahe,CN,2022-08-01 15:51:37,52.3333,124.7333,64.96,77,77,2.35
474,Jardim,BR,2022-08-01 15:51:38,-21.4803,-56.1381,90.63,22,0,7.36
475,Sarangani,PH,2022-08-01 15:51:38,5.4033,125.4636,82.89,74,72,12.75
476,Sisimiut,GL,2022-08-01 15:51:38,66.9395,-53.6735,50.14,73,91,3.56
477,Palm City,US,2022-08-01 15:47:16,27.1678,-80.2662,93.06,73,52,4.0
478,Diamantino,BR,2022-08-01 15:51:39,-14.4086,-56.4461,97.21,17,1,3.24
479,Mandalgovi,MN,2022-08-01 15:51:39,45.7625,106.2708,71.64,49,27,8.7
480,Riyadh,SA,2022-08-01 15:51:40,24.6877,46.7219,100.54,34,100,7.34
481,Ambunti,PG,2022-08-01 15:51:40,-4.2365,142.8448,74.05,97,51,1.97
482,Klaksvik,FO,2022-08-01 15:51:41,62.2266,-6.589,52.72,78,66,12.12
483,Mecca,SA,2022-08-01 15:51:41,21.4267,39.8261,92.82,27,100,7.85
484,Saint-Joseph,RE,2022-08-01 15:51:41,-21.3667,55.6167,68.38,72,16,2.82
485,Ajdabiya,LY,2022-08-01 15:51:42,30.7554,20.2263,84.92,59,0,17.27
486,Bacolod,PH,2022-08-01 15:51:42,10.6667,122.95,78.15,85,100,3.06
487,Hit,IQ,2022-08-01 15:51:43,33.6416,42.8251,109.13,8,1,8.1
488,Broken Hill,AU,2022-08-01 15:51:43,-31.95,141.4333,46.65,48,0,7.31
489,Guanica,PR,2022-08-01 15:51:44,17.9716,-66.908,92.1,68,66,15.95
490,North Bend,US,2022-08-01 15:51:44,43.4065,-124.2243,61.25,97,100,3.44
491,Tomari,RU,2022-08-01 15:51:44,47.7658,142.0683,60.17,66,100,3.44
492,Balkanabat,TM,2022-08-01 15:51:45,39.5108,54.3671,94.62,27,25,11.43
493,Te Anau,NZ,2022-08-01 15:51:45,-45.4167,167.7167,47.73,95,81,10.92
494,Kokemaki,FI,2022-08-01 15:51:46,61.2565,22.3564,73.18,70,100,1.86
495,Tucuman,AR,2022-08-01 15:52:46,-26.8241,-65.2226,68.0,40,0,5.75
496,Vitre,FR,2022-08-01 15:52:46,48.1178,-1.2058,77.88,35,69,12.64
497,Vila Velha,BR,2022-08-01 15:50:55,-20.3297,-40.2925,82.35,54,40,2.3
498,Dharchula,IN,2022-08-01 15:52:47,29.85,80.5333,73.6,93,94,0.87
499,Hualmay,PE,2022-08-01 15:52:47,-11.0964,-77.6139,65.7,73,88,8.9
500,Luwuk,ID,2022-08-01 15:52:48,-0.9516,122.7875,75.54,90,42,2.77
501,Okhotsk,RU,2022-08-01 15:52:48,59.3833,143.3,52.21,94,5,4.68
502,Campo Grande,BR,2022-08-01 15:48:31,-20.4428,-54.6464,83.75,30,0,9.22
503,Saint-Pierre,RE,2022-08-01 15:52:49,-21.3393,55.4781,69.91,75,0,3.44
504,Rawah,IQ,2022-08-01 15:52:49,34.4816,41.9093,105.01,13,1,7.96
505,Richards Bay,ZA,2022-08-01 15:52:49,-28.783,32.0377,63.14,67,100,3.47
506,Nizhniy Odes,RU,2022-08-01 15:52:50,63.6445,54.856,65.59,82,100,4.54
507,Sumbe,AO,2022-08-01 15:52:50,-11.2061,13.8437,68.88,76,70,11.12
508,Cahabon,GT,2022-08-01 15:52:51,15.5667,-89.8167,71.11,95,94,1.63
509,Caravelas,BR,2022-08-01 15:52:51,-17.7125,-39.2481,77.86,66,18,7.02
510,Gualeguay,AR,2022-08-01 15:52:51,-33.1416,-59.3097,65.07,47,47,5.93
511,Abu Samrah,SY,2022-08-01 15:52:52,35.3029,37.1841,94.35,28,0,15.88
512,Cascais,PT,2022-08-01 15:52:52,38.6979,-9.4215,96.15,54,20,9.22
513,Palana,RU,2022-08-01 15:52:53,59.1167,159.9667,47.48,84,51,9.28
514,Dzilam Gonzalez,MX,2022-08-01 15:52:53,21.2833,-88.9333,89.74,54,66,5.3
515,Avera,US,2022-08-01 15:52:53,33.194,-82.5271,90.91,39,1,8.95
516,Yermakovskoye,RU,2022-08-01 15:52:54,53.2831,92.4003,60.67,93,57,7.05
517,Salinopolis,BR,2022-08-01 15:52:54,-0.6136,-47.3561,83.55,74,86,11.23
518,Markova,UA,2022-08-01 15:52:55,48.6758,24.4138,63.81,81,96,5.84
519,Mujiayingzi,CN,2022-08-01 15:52:55,42.1167,118.7833,75.7,60,2,5.35
520,Dwarka,IN,2022-08-01 15:52:55,22.2394,68.9678,82.06,80,91,17.02
521,Cangzhou,CN,2022-08-01 15:52:56,38.3167,116.8667,82.45,69,0,5.35
522,Inirida,CO,2022-08-01 15:52:56,3.8653,-67.9239,81.1,85,78,1.97
523,Gawler,AU,2022-08-01 15:51:07,-34.6,138.7333,51.98,72,31,7.14
524,Muhos,FI,2022-08-01 15:52:57,64.808,25.9931,65.98,81,78,3.96
525,Teno,CL,2022-08-01 15:52:57,-34.8667,-71.1833,45.95,100,100,6.91
526,Husavik,IS,2022-08-01 15:52:58,66.0449,-17.3389,42.78,93,100,7.43
527,Houma,US,2022-08-01 15:52:58,29.5958,-90.7195,91.99,75,81,5.32
528,Aligudarz,IR,2022-08-01 15:52:59,33.4006,49.6949,81.97,26,65,7.16
529,Sterling,US,2022-08-01 15:52:12,39.0062,-77.4286,82.85,73,75,10.36
530,Pueblo Nuevo,MX,2022-08-01 15:52:59,23.3833,-105.3833,64.31,71,99,1.92
531,Olinda,BR,2022-08-01 15:50:40,-8.0089,-34.8553,82.13,61,40,18.41
532,Nurota,UZ,2022-08-01 15:53:00,40.5614,65.6886,84.72,25,98,7.56
533,Laatzen,DE,2022-08-01 15:53:00,52.3167,9.8,75.65,59,75,9.22
534,Coari,BR,2022-08-01 15:53:00,-4.085,-63.1414,93.27,43,59,3.02
535,Halifax,CA,2022-08-01 15:52:47,44.6453,-63.5724,78.69,68,100,11.5
536,Hay River,CA,2022-08-01 15:53:01,60.8156,-115.7999,58.98,63,75,1.14
537,Sacama,EC,2022-08-01 15:53:01,-3.9,-79.2667,55.42,64,20,3.44
538,Ust-Barguzin,RU,2022-08-01 15:53:02,53.45,108.9833,57.97,93,36,3.31
539,West Monroe,US,2022-08-01 15:53:02,32.5185,-92.1476,88.52,64,16,7.38
540,Lodja,CD,2022-08-01 15:53:03,-3.4833,23.4333,82.31,55,96,3.22
541,Envira,BR,2022-08-01 15:53:03,-7.3,-70.2167,92.59,43,34,2.93
542,Marzuq,YE,2022-08-01 15:54:04,14.4,46.4667,79.84,58,1,11.27
543,Cauquenes,CL,2022-08-01 15:54:04,-35.9671,-72.3225,53.35,68,99,3.62
544,Batagay-Alyta,RU,2022-08-01 15:54:05,67.8006,130.4114,51.35,86,100,7.23
545,Poum,NC,2022-08-01 15:54:05,-20.2333,164.0167,74.41,81,98,18.3
546,Merrill,US,2022-08-01 15:54:05,45.1805,-89.6835,73.17,91,100,12.66
547,Kijang,KR,2022-08-01 15:54:06,35.2442,129.2139,82.13,90,72,16.02
548,Boa Vista,BR,2022-08-01 15:54:06,2.8197,-60.6733,87.78,62,75,12.66
549,Necochea,AR,2022-08-01 15:52:41,-38.5473,-58.7368,59.59,63,83,5.1
550,Lazaro Cardenas,MX,2022-08-01 15:53:33,17.9583,-102.2,84.78,70,35,2.77
551,Santa Cruz De Tenerife,ES,2022-08-01 15:54:07,28.4682,-16.2546,86.59,78,20,19.57
552,Northam,GB,2022-08-01 15:54:07,51.0333,-4.2167,69.62,77,89,14.43
553,Port Moresby,PG,2022-08-01 15:52:06,-9.4431,147.1797,76.42,94,20,6.91
554,Biloela,AU,2022-08-01 15:54:08,-24.4167,150.5,57.96,88,79,2.28
