City_ID,City,Country,Date,Lat,Lng,Max Temp,Humidity,Cloudiness,Wind Speed,Current Description
0,Alamogordo,US,2022-08-08 15:52:35,32.8995,-105.9603,84.7,48,0,6.91,clear sky
1,Rikitea,PF,2022-08-08 15:52:35,-23.1203,-134.9692,72.25,80,100,28.21,moderate rain
2,Jumla,NP,2022-08-08 15:52:35,29.2747,82.1838,64.53,89,89,3.31,overcast clouds
3,Upernavik,GL,2022-08-08 15:52:36,72.7868,-56.1549,42.76,75,99,4.61,overcast clouds
4,Sao Filipe,CV,2022-08-08 15:52:36,14.8961,-24.4956,79.86,83,94,7.02,light rain
5,Tuktoyaktuk,CA,2022-08-08 15:52:36,69.4541,-133.0374,51.8,82,75,16.11,broken clouds
6,Saldanha,ZA,2022-08-08 15:52:37,-33.0117,17.9442,60.85,78,58,7.56,broken clouds
7,Gao,ML,2022-08-08 15:52:37,16.6362,1.637,95.97,35,100,20.71,overcast clouds
8,Kruisfontein,ZA,2022-08-08 15:52:38,-34.0033,24.7314,61.88,90,73,4.63,broken clouds
9,Punta Arenas,CL,2022-08-08 15:52:05,-53.15,-70.9167,35.62,86,40,4.61,scattered clouds
10,Pevek,RU,2022-08-08 15:52:38,69.7008,170.3133,31.55,89,20,3.56,few clouds
11,Bluff,NZ,2022-08-08 15:52:39,-46.6,168.3333,34.81,67,2,18.01,clear sky
12,Tromso,NO,2022-08-08 15:52:39,69.6496,18.957,51.82,82,75,5.75,broken clouds
13,Bethel,US,2022-08-08 15:48:21,41.3712,-73.414,90.46,71,75,6.91,broken clouds
14,Severo-Kurilsk,RU,2022-08-08 15:52:40,50.6789,156.125,53.78,88,53,10.45,broken clouds
15,West Sacramento,US,2022-08-08 15:50:10,38.5805,-121.5302,73.49,72,0,10.36,clear sky
16,Puerto Ayora,EC,2022-08-08 15:52:40,-0.7393,-90.3518,71.55,83,90,8.99,overcast clouds
17,Airai,TL,2022-08-08 15:52:41,-8.9266,125.4092,57.22,81,14,3.24,few clouds
18,Provideniya,RU,2022-08-08 15:52:41,64.3833,-173.3,36.21,77,92,10.83,overcast clouds
19,Hobart,AU,2022-08-08 15:52:41,-42.8794,147.3294,37.06,88,2,4.61,clear sky
20,Port Elizabeth,ZA,2022-08-08 15:52:42,-33.918,25.5701,64.69,83,20,5.75,few clouds
21,Barcelos,PT,2022-08-08 15:52:42,41.5388,-8.6151,64.54,58,4,8.1,clear sky
22,Butaritari,KI,2022-08-08 15:52:43,3.0707,172.7902,80.55,78,22,12.5,light rain
23,Umm Lajj,SA,2022-08-08 15:52:43,25.0213,37.2685,89.91,62,22,10.87,few clouds
24,Georgetown,MY,2022-08-08 15:49:32,5.4112,100.3354,84.88,74,20,3.44,light rain
25,Ponta Do Sol,PT,2022-08-08 15:52:43,32.6667,-17.1,81.72,66,2,4.21,clear sky
26,Galveston,US,2022-08-08 15:52:44,29.3669,-94.9669,93.04,64,10,7.36,clear sky
27,Ambulu,ID,2022-08-08 15:52:46,-8.345,113.6058,75.15,88,98,4.7,overcast clouds
28,Pemangkat,ID,2022-08-08 15:52:46,1.1667,108.9667,80.1,80,8,8.95,clear sky
29,Nemuro,JP,2022-08-08 15:52:47,43.3236,145.575,66.79,99,89,20.13,overcast clouds
30,Aklavik,CA,2022-08-08 15:52:47,68.2191,-135.0107,54.25,78,98,13.29,light rain
31,Ribeira Grande,PT,2022-08-08 15:52:48,38.5167,-28.7,77.4,83,40,10.36,scattered clouds
32,Thompson,CA,2022-08-08 15:50:31,55.7435,-97.8558,69.96,73,75,5.75,broken clouds
33,Tirumullaivasal,IN,2022-08-08 15:52:48,11.2333,79.8333,84.18,62,100,18.66,overcast clouds
34,Vila Franca Do Campo,PT,2022-08-08 15:52:49,37.7167,-25.4333,75.61,77,53,5.91,moderate rain
35,Arraial Do Cabo,BR,2022-08-08 15:52:49,-22.9661,-42.0278,75.16,83,100,8.05,overcast clouds
36,Coihaique,CL,2022-08-08 15:49:56,-45.5752,-72.0662,39.15,70,75,4.61,broken clouds
37,Sitka,US,2022-08-08 15:52:49,57.0531,-135.33,53.49,87,40,4.61,scattered clouds
38,Hithadhoo,MV,2022-08-08 15:52:50,-0.6,73.0833,82.18,65,100,2.77,overcast clouds
39,Hermanus,ZA,2022-08-08 15:52:50,-34.4187,19.2345,58.8,85,39,5.48,scattered clouds
40,Apsheronsk,RU,2022-08-08 15:52:51,44.46,39.73,82.15,34,0,13.22,clear sky
41,Loandjili,CG,2022-08-08 15:52:51,-4.7561,11.8578,75.31,73,75,6.91,broken clouds
42,Clyde River,CA,2022-08-08 15:48:18,70.4692,-68.5914,50.23,76,100,14.97,overcast clouds
43,Riyadh,SA,2022-08-08 15:52:52,24.6877,46.7219,109.54,23,25,30.98,scattered clouds
44,Hilo,US,2022-08-08 15:52:52,19.7297,-155.09,76.28,72,100,3.44,overcast clouds
45,Burns Lake,CA,2022-08-08 15:52:52,54.2331,-125.7533,44.02,61,0,3.18,clear sky
46,Albany,US,2022-08-08 15:53:53,42.6001,-73.9662,90.18,70,53,4.12,broken clouds
47,Nikolskoye,RU,2022-08-08 15:53:53,59.7035,30.7861,57.09,95,100,2.15,light rain
48,Ushuaia,AR,2022-08-08 15:53:54,-54.8,-68.3,40.66,48,20,2.3,few clouds
49,Samarai,PG,2022-08-08 15:53:54,-10.6167,150.6667,79.23,73,75,16.58,broken clouds
50,Busselton,AU,2022-08-08 15:53:54,-33.65,115.3333,47.32,90,85,6.02,overcast clouds
51,New Norfolk,AU,2022-08-08 15:53:55,-42.7826,147.0587,36.72,83,6,2.77,clear sky
52,Mataura,NZ,2022-08-08 15:53:42,-46.1927,168.8643,34.48,79,2,7.0,clear sky
53,Nabire,ID,2022-08-08 15:53:55,-3.3667,135.4833,75.58,91,89,2.8,overcast clouds
54,Port Blair,IN,2022-08-08 15:53:56,11.6667,92.75,82.44,78,75,11.5,mist
55,Kapaa,US,2022-08-08 15:53:56,22.0752,-159.319,76.12,86,85,1.99,overcast clouds
56,Cape Town,ZA,2022-08-08 15:51:05,-33.9258,18.4232,63.01,70,0,6.91,clear sky
57,Itarema,BR,2022-08-08 15:53:57,-2.9248,-39.9167,88.61,46,3,16.98,clear sky
58,Saint-Pierre,RE,2022-08-08 15:53:57,-21.3393,55.4781,69.48,79,0,8.05,clear sky
59,Kaitangata,NZ,2022-08-08 15:53:57,-46.2817,169.8464,35.47,77,45,8.75,scattered clouds
60,Port Alfred,ZA,2022-08-08 15:53:58,-33.5906,26.891,61.18,94,72,8.05,broken clouds
61,Saint-Philippe,RE,2022-08-08 15:53:58,-21.3585,55.7679,69.39,78,42,8.81,scattered clouds
62,Petropavlovsk-Kamchatskiy,RU,2022-08-08 15:53:58,53.0452,158.6483,54.19,100,100,2.24,mist
63,Meulaboh,ID,2022-08-08 15:53:59,4.1363,96.1285,77.47,83,37,2.73,scattered clouds
64,Barao De Melgaco,BR,2022-08-08 15:53:59,-16.1944,-55.9675,95.5,34,74,3.85,broken clouds
65,Tungor,RU,2022-08-08 15:54:00,53.3808,142.9564,54.27,99,100,15.7,heavy intensity rain
66,Semirom,IR,2022-08-08 15:54:00,31.4167,51.5667,83.28,21,84,3.38,broken clouds
67,Lucapa,AO,2022-08-08 15:54:00,-8.4192,20.7447,87.28,14,5,3.65,clear sky
68,Castro,BR,2022-08-08 15:54:01,-24.7911,-50.0119,64.78,76,100,2.08,overcast clouds
69,Portland,US,2022-08-08 15:54:01,45.5234,-122.6762,74.05,66,0,5.01,clear sky
70,Atuona,PF,2022-08-08 15:54:02,-9.8,-139.0333,76.64,73,9,13.29,clear sky
71,Barrow,US,2022-08-08 15:54:02,71.2906,-156.7887,37.81,79,29,12.53,scattered clouds
72,Galesong,ID,2022-08-08 15:54:02,-5.3166,119.3661,75.22,82,8,6.85,clear sky
73,Tiksi,RU,2022-08-08 15:54:03,71.6872,128.8694,51.35,95,100,7.09,overcast clouds
74,Deputatskiy,RU,2022-08-08 15:54:03,69.3,139.9,53.98,87,99,4.41,light rain
75,East London,ZA,2022-08-08 15:54:03,-33.0153,27.9116,61.74,100,75,5.75,broken clouds
76,Kurya,RU,2022-08-08 15:54:04,51.6003,82.2888,69.62,43,98,6.22,overcast clouds
77,Hoyanger,NO,2022-08-08 15:54:04,61.2204,6.0749,62.65,71,99,4.9,overcast clouds
78,Cherskiy,RU,2022-08-08 15:54:05,68.75,161.3,44.73,59,45,6.6,scattered clouds
79,Panaba,MX,2022-08-08 15:54:05,21.2833,-88.2667,89.82,53,95,6.15,overcast clouds
80,Fortuna,US,2022-08-08 15:54:05,40.5982,-124.1573,60.66,97,100,3.44,overcast clouds
81,Atambua,ID,2022-08-08 15:54:06,-9.1061,124.8925,70.77,87,33,5.06,scattered clouds
82,Vaini,TO,2022-08-08 15:53:47,-21.2,-175.2,75.36,94,20,6.91,few clouds
83,Margate,GB,2022-08-08 15:54:06,51.3813,1.3862,76.1,59,6,5.01,clear sky
84,Lagoa,PT,2022-08-08 15:54:07,39.05,-27.9833,73.83,78,23,16.24,few clouds
85,Liwale,TZ,2022-08-08 15:54:07,-9.7667,37.9333,74.61,42,36,7.14,scattered clouds
86,Jesup,US,2022-08-08 15:50:57,31.6074,-81.8854,88.34,62,40,0.0,scattered clouds
87,Tasiilaq,GL,2022-08-08 15:54:08,65.6145,-37.6368,38.73,96,100,4.79,overcast clouds
88,Bredasdorp,ZA,2022-08-08 15:54:08,-34.5322,20.0403,57.69,93,36,6.17,scattered clouds
89,Rio Gallegos,AR,2022-08-08 15:52:25,-51.6226,-69.2181,37.45,75,40,10.36,scattered clouds
90,Skjervoy,NO,2022-08-08 15:54:09,70.0311,20.9714,53.6,81,100,4.83,overcast clouds
91,Egvekinot,RU,2022-08-08 15:55:09,66.3167,-179.1667,32.68,76,79,9.66,broken clouds
92,Khatanga,RU,2022-08-08 15:55:10,71.9667,102.5,56.37,88,86,7.96,overcast clouds
93,Longyearbyen,SJ,2022-08-08 15:51:50,78.2186,15.6401,48.04,81,40,12.66,scattered clouds
94,Roura,GF,2022-08-08 15:55:10,4.7263,-52.3274,89.51,58,20,8.05,few clouds
95,Korla,CN,2022-08-08 15:55:11,41.7597,86.1469,91.33,22,3,1.52,clear sky
96,Wairoa,NZ,2022-08-08 15:55:11,-39.0333,177.3667,48.54,99,97,1.01,overcast clouds
97,Lanxi,CN,2022-08-08 15:55:12,29.2195,119.477,79.09,78,70,5.01,broken clouds
98,Ayakudi,IN,2022-08-08 15:55:12,10.45,77.55,78.26,68,99,8.95,overcast clouds
99,Kununurra,AU,2022-08-08 15:55:12,-15.7667,128.7333,69.78,88,1,0.0,clear sky
100,Codrington,AU,2022-08-08 15:51:52,-38.2667,141.9667,46.04,72,100,5.84,overcast clouds
101,Tuatapere,NZ,2022-08-08 15:55:13,-46.1333,167.6833,28.31,92,11,4.92,few clouds
102,Flagstaff,US,2022-08-08 15:50:31,35.1981,-111.6513,71.26,57,20,1.99,few clouds
103,Bridgetown,BB,2022-08-08 15:55:04,13.1,-59.6167,88.29,70,40,21.85,scattered clouds
104,Hamilton,US,2022-08-08 15:55:14,39.1834,-84.5333,88.25,75,16,4.0,few clouds
105,Nara,JP,2022-08-08 15:55:14,34.6851,135.8049,85.5,60,98,1.43,overcast clouds
106,Grindavik,IS,2022-08-08 15:51:47,63.8424,-22.4338,53.55,100,100,25.32,mist
107,Kincardine,GB,2022-08-08 15:55:15,56.0667,-3.7167,71.98,57,99,11.99,overcast clouds
108,Nome,US,2022-08-08 15:55:15,64.5011,-165.4064,37.47,93,100,19.57,light rain
109,Ponta Delgada,PT,2022-08-08 15:55:15,37.7333,-25.6667,75.92,73,20,6.91,few clouds
110,Vardo,NO,2022-08-08 15:55:16,70.3705,31.1107,53.58,71,75,14.97,broken clouds
111,Yellowknife,CA,2022-08-08 15:50:25,62.456,-114.3525,57.72,94,75,10.36,light intensity shower rain
112,Alamosa,US,2022-08-08 15:55:16,37.4695,-105.87,68.52,52,21,0.72,few clouds
113,Kutum,SD,2022-08-08 15:55:17,14.2,24.6667,79.84,52,86,10.13,overcast clouds
114,Sorong,ID,2022-08-08 15:52:17,-0.8833,131.25,78.35,85,100,1.19,overcast clouds
115,Ancud,CL,2022-08-08 15:55:17,-41.8697,-73.8203,47.23,70,11,4.56,few clouds
116,Victoria,HK,2022-08-08 15:51:36,22.2855,114.1577,85.32,85,47,8.99,scattered clouds
117,Tutayev,RU,2022-08-08 15:55:18,57.8853,39.5406,62.62,81,100,2.77,overcast clouds
118,Kavaratti,IN,2022-08-08 15:53:49,10.5669,72.642,80.71,83,100,20.62,overcast clouds
119,Bataipora,BR,2022-08-08 15:55:19,-22.2953,-53.2711,75.61,69,100,4.38,overcast clouds
120,Bathsheba,BB,2022-08-08 15:55:19,13.2167,-59.5167,88.41,91,40,21.85,scattered clouds
121,Kovdor,RU,2022-08-08 15:55:19,67.5662,30.4758,54.84,66,87,5.21,overcast clouds
122,Antofagasta,CL,2022-08-08 15:55:20,-23.65,-70.4,60.08,60,32,7.4,scattered clouds
123,Souillac,MU,2022-08-08 15:55:20,-20.5167,57.5167,70.18,78,40,6.91,scattered clouds
124,Chifeng,CN,2022-08-08 15:55:21,42.2683,118.9636,70.29,42,100,5.48,overcast clouds
125,Rudsar,IR,2022-08-08 15:55:21,37.1376,50.288,78.78,79,30,8.23,scattered clouds
126,Valparaiso,CL,2022-08-08 15:55:22,-33.0393,-71.6273,60.44,70,0,17.27,clear sky
127,Norman Wells,CA,2022-08-08 15:53:51,65.282,-126.8329,51.84,93,75,3.44,broken clouds
128,Alihe,CN,2022-08-08 15:55:22,50.5667,123.7167,50.99,83,43,3.76,scattered clouds
129,Gamba,GA,2022-08-08 15:55:23,-2.65,10.0,72.84,77,87,8.52,overcast clouds
130,Lompoc,US,2022-08-08 15:55:23,34.6391,-120.4579,70.84,91,100,8.05,mist
131,Marsh Harbour,BS,2022-08-08 15:53:40,26.5412,-77.0636,84.02,69,32,13.24,scattered clouds
132,Faanui,PF,2022-08-08 15:55:24,-16.4833,-151.75,76.59,61,76,18.59,broken clouds
133,Mamlyutka,KZ,2022-08-08 15:56:24,54.9375,68.5394,62.94,65,65,7.92,broken clouds
134,Pombas,CV,2022-08-08 15:56:24,17.1503,-25.0201,80.38,83,45,12.53,scattered clouds
135,Jamestown,US,2022-08-08 15:55:09,42.097,-79.2353,78.03,72,100,11.5,overcast clouds
136,Oneonta,US,2022-08-08 15:56:25,42.4529,-75.0638,89.29,78,64,9.62,broken clouds
137,Quang Ngai,VN,2022-08-08 15:53:55,15.1167,108.8,74.68,97,100,6.2,overcast clouds
138,Cidreira,BR,2022-08-08 15:56:26,-30.1811,-50.2056,59.13,90,100,9.84,overcast clouds
139,Trairi,BR,2022-08-08 15:55:03,-3.2778,-39.2689,87.04,48,3,15.99,clear sky
140,San Martin,AR,2022-08-08 15:56:26,-33.081,-68.4681,41.54,57,20,3.89,few clouds
141,Puerto Escondido,MX,2022-08-08 15:56:27,15.85,-97.0667,85.28,64,78,2.98,broken clouds
142,Hopatcong,US,2022-08-08 15:56:27,40.9329,-74.6593,89.13,62,21,9.35,few clouds
143,Belle Fourche,US,2022-08-08 15:56:27,44.6714,-103.8522,84.34,26,0,2.91,clear sky
144,Pisco,PE,2022-08-08 15:55:01,-13.7,-76.2167,63.01,72,100,4.61,overcast clouds
145,Klaksvik,FO,2022-08-08 15:56:28,62.2266,-6.589,54.52,78,49,15.01,scattered clouds
146,Muros,ES,2022-08-08 15:56:28,42.7762,-9.0603,92.68,73,10,3.47,clear sky
147,Giyani,ZA,2022-08-08 15:56:29,-23.3025,30.7187,79.0,19,0,6.62,clear sky
148,Chingirlau,KZ,2022-08-08 15:56:29,51.095,54.0814,82.0,36,94,11.23,overcast clouds
149,Kumylzhenskaya,RU,2022-08-08 15:56:29,49.8809,42.5898,83.98,22,80,5.12,broken clouds
150,Constitucion,CL,2022-08-08 15:56:30,-35.3333,-72.4167,54.05,66,0,6.6,clear sky
151,Coahuayana,MX,2022-08-08 15:56:30,18.7333,-103.6833,86.85,67,70,2.19,broken clouds
152,Conway,US,2022-08-08 15:56:10,35.0887,-92.4421,90.86,66,100,1.99,overcast clouds
153,Nanortalik,GL,2022-08-08 15:56:31,60.1432,-45.2371,45.41,84,100,8.32,overcast clouds
154,Cartagena,CO,2022-08-08 15:54:18,10.3997,-75.5144,89.22,70,20,2.3,few clouds
155,Rawson,AR,2022-08-08 15:56:32,-43.3002,-65.1023,43.34,85,100,12.71,overcast clouds
156,Vanimo,PG,2022-08-08 15:56:32,-2.6741,141.3028,76.53,90,97,5.77,overcast clouds
157,Ilulissat,GL,2022-08-08 15:56:32,69.2167,-51.1,37.76,94,100,2.71,overcast clouds
158,Tabou,CI,2022-08-08 15:56:33,4.423,-7.3528,75.85,73,86,7.56,overcast clouds
159,Lagos,NG,2022-08-08 15:56:33,6.5833,3.75,82.72,70,99,9.6,overcast clouds
160,Sayyan,YE,2022-08-08 15:56:33,15.1718,44.3244,67.23,57,89,4.0,overcast clouds
161,Mar Del Plata,AR,2022-08-08 15:56:34,-38.0023,-57.5575,51.94,79,40,5.99,scattered clouds
162,Avarua,CK,2022-08-08 15:56:34,-21.2078,-159.775,73.45,68,40,11.5,scattered clouds
163,Varhaug,NO,2022-08-08 15:56:35,58.6147,5.6457,65.86,74,30,11.83,scattered clouds
164,Ewa Beach,US,2022-08-08 15:56:35,21.3156,-158.0072,77.09,74,52,10.0,broken clouds
165,Dwarka,IN,2022-08-08 15:56:35,22.2394,68.9678,81.28,88,100,12.33,overcast clouds
166,Byron Bay,AU,2022-08-08 15:56:36,-28.65,153.6167,48.16,86,39,11.99,scattered clouds
167,Pavlodar,KZ,2022-08-08 15:56:25,52.3,76.95,69.6,60,40,2.24,light rain
168,Labuhan,ID,2022-08-08 15:56:36,-6.8844,112.2051,77.95,80,77,4.18,light rain
169,Tigil,RU,2022-08-08 15:56:37,57.8,158.6667,50.4,72,17,1.07,few clouds
170,Hohhot,CN,2022-08-08 15:56:37,40.8106,111.6522,66.49,82,40,6.71,scattered clouds
171,Esperance,AU,2022-08-08 15:56:37,-33.8667,121.9,55.0,73,89,13.96,overcast clouds
172,Tezu,IN,2022-08-08 15:56:38,27.9167,96.1667,79.84,91,89,4.59,overcast clouds
173,Redlands,US,2022-08-08 15:56:38,34.0556,-117.1825,93.11,40,17,3.49,few clouds
174,Chicama,PE,2022-08-08 15:56:39,-7.8447,-79.1469,59.54,62,37,8.57,scattered clouds
175,Iracoubo,GF,2022-08-08 15:56:39,5.4802,-53.2011,86.65,55,96,8.43,overcast clouds
176,Victor Harbor,AU,2022-08-08 15:56:39,-35.5667,138.6167,48.69,92,0,6.13,clear sky
177,Shahrud,IR,2022-08-08 15:56:40,36.4182,54.9763,81.57,50,2,11.18,clear sky
178,Guerrero Negro,MX,2022-08-08 15:56:40,27.9769,-114.0611,78.46,67,11,9.24,few clouds
179,Ternate,ID,2022-08-08 15:56:41,0.8,127.4,78.94,84,70,10.8,broken clouds
180,Geraldton,AU,2022-08-08 15:57:41,-28.7667,114.6,57.61,67,75,17.27,broken clouds
181,Hasaki,JP,2022-08-08 15:57:41,35.7333,140.8333,82.8,87,100,22.08,overcast clouds
182,Jieshi,CN,2022-08-08 15:57:42,22.8134,115.8257,82.09,83,99,19.06,heavy intensity rain
183,Grand Gaube,MU,2022-08-08 15:57:43,-20.0064,57.6608,70.2,74,13,1.99,few clouds
184,Xingyi,CN,2022-08-08 15:57:43,24.1877,102.817,61.72,91,1,1.07,clear sky
185,Haines Junction,CA,2022-08-08 15:57:43,60.7522,-137.5108,39.15,87,100,0.0,overcast clouds
186,Balaipungut,ID,2022-08-08 15:57:44,1.05,101.2833,78.01,83,61,0.49,broken clouds
187,Chokurdakh,RU,2022-08-08 15:57:44,70.6333,147.9167,56.39,44,99,6.22,overcast clouds
188,Arona,ES,2022-08-08 15:57:44,28.0996,-16.681,80.02,60,20,6.91,few clouds
189,Mogadishu,SO,2022-08-08 15:57:45,2.0371,45.3438,76.24,82,64,19.64,broken clouds
190,Naze,JP,2022-08-08 15:53:24,28.3667,129.4833,81.52,80,34,7.43,scattered clouds
191,Bengkulu,ID,2022-08-08 15:57:45,-3.8004,102.2655,76.6,89,17,7.18,few clouds
192,Jingdezhen,CN,2022-08-08 15:57:46,29.2947,117.2079,81.99,71,80,1.77,broken clouds
193,Cayenne,GF,2022-08-08 15:57:46,4.9333,-52.3333,89.64,15,20,8.05,few clouds
194,Sur,OM,2022-08-08 15:57:46,22.5667,59.5289,88.99,57,81,1.3,broken clouds
195,Peru,US,2022-08-08 15:57:47,40.7537,-86.0689,86.59,82,98,15.41,overcast clouds
196,Saskylakh,RU,2022-08-08 15:57:47,71.9167,114.0833,53.98,76,100,5.97,overcast clouds
197,Ambatofinandrahana,MG,2022-08-08 15:57:48,-20.55,46.8,54.34,75,0,8.66,clear sky
198,Dikson,RU,2022-08-08 15:57:48,73.5069,80.5464,42.64,97,100,19.64,overcast clouds
199,Palm Coast,US,2022-08-08 15:57:48,29.585,-81.2078,89.13,73,40,9.22,scattered clouds
200,Shimoda,JP,2022-08-08 15:57:49,34.6667,138.95,80.1,91,98,12.21,overcast clouds
201,Williams Lake,CA,2022-08-08 15:55:11,52.1415,-122.1445,67.05,63,0,8.05,clear sky
202,Shenzhen,CN,2022-08-08 15:56:20,22.5455,114.0683,85.21,94,28,12.08,moderate rain
203,Aquiraz,BR,2022-08-08 15:57:49,-3.9014,-38.3911,88.45,55,13,14.72,few clouds
204,Yemelyanovo,RU,2022-08-08 15:57:50,56.1681,92.6767,58.08,88,0,2.24,clear sky
205,Berlevag,NO,2022-08-08 15:57:50,70.8578,29.0864,53.55,76,100,19.57,overcast clouds
206,Kavieng,PG,2022-08-08 15:57:51,-2.5744,150.7967,81.14,79,75,11.18,broken clouds
207,Boende,CD,2022-08-08 15:57:51,-0.2167,20.8667,89.02,45,69,1.43,broken clouds
208,Leningradskiy,RU,2022-08-08 15:57:51,69.3833,178.4167,28.94,93,87,4.34,overcast clouds
209,Guayaramerin,BO,2022-08-08 15:57:52,-10.8368,-65.3614,89.65,55,20,5.75,few clouds
210,Nhulunbuy,AU,2022-08-08 15:57:52,-12.2333,136.7667,75.81,83,8,11.5,clear sky
211,Salalah,OM,2022-08-08 15:57:53,17.0151,54.0924,76.6,95,99,5.64,overcast clouds
212,Ibra,OM,2022-08-08 15:57:53,22.6906,58.5334,96.19,31,96,12.41,overcast clouds
213,Les Cayes,HT,2022-08-08 15:57:53,18.2,-73.75,89.73,55,1,10.11,clear sky
214,Fort Pierce,US,2022-08-08 15:55:53,27.4467,-80.3256,91.06,74,99,13.0,overcast clouds
215,Chuy,UY,2022-08-08 15:57:54,-33.6971,-53.4616,55.22,65,83,10.31,broken clouds
216,San Cristobal,VE,2022-08-08 15:57:55,7.7669,-72.225,84.38,46,12,8.34,few clouds
217,Vohibinany,MG,2022-08-08 15:57:55,-17.35,49.0333,63.48,95,80,2.73,light rain
218,Los Lunas,US,2022-08-08 15:57:55,34.8062,-106.7334,77.14,60,58,1.61,broken clouds
219,Erenhot,CN,2022-08-08 15:57:56,43.6475,111.9767,73.24,40,66,7.23,broken clouds
220,Xining,CN,2022-08-08 15:57:56,36.6167,101.7667,71.82,65,71,9.33,broken clouds
221,Balakovo,RU,2022-08-08 15:57:56,52.0278,47.8007,76.46,47,7,7.83,clear sky
222,Vila Velha,BR,2022-08-08 15:55:43,-20.3297,-40.2925,85.95,59,0,13.8,clear sky
223,Saint-Joseph,RE,2022-08-08 15:57:57,-21.3667,55.6167,68.38,78,21,9.13,few clouds
224,Walvis Bay,NA,2022-08-08 15:55:58,-22.9575,14.5053,70.75,46,0,6.91,clear sky
225,Mount Gambier,AU,2022-08-08 15:58:57,-37.8333,140.7667,43.11,96,35,2.37,scattered clouds
226,Mayumba,GA,2022-08-08 15:58:58,-3.432,10.6554,72.21,78,91,6.69,overcast clouds
227,College,US,2022-08-08 15:58:58,64.8569,-147.8028,49.23,91,75,0.0,light rain
228,Shar,KZ,2022-08-08 15:58:59,49.5886,81.0453,72.05,32,14,4.79,few clouds
229,Dormidontovka,RU,2022-08-08 15:58:59,47.7702,134.9076,62.73,74,12,11.52,few clouds
230,Katsuura,JP,2022-08-08 15:59:00,35.1333,140.3,81.09,89,99,19.82,overcast clouds
231,Maniwaki,CA,2022-08-08 15:58:51,46.3834,-75.966,61.18,94,100,5.75,overcast clouds
232,Zapadnaya Dvina,RU,2022-08-08 15:59:00,56.259,32.0745,67.96,56,52,2.3,broken clouds
233,Challans,FR,2022-08-08 15:59:01,46.8436,-1.8749,90.52,20,97,14.67,overcast clouds
234,Hastings,GB,2022-08-08 15:57:28,50.8552,0.5729,81.9,47,7,14.14,clear sky
235,Gimli,CA,2022-08-08 15:59:01,50.6336,-96.9907,72.0,61,56,15.19,broken clouds
236,Pincher Creek,CA,2022-08-08 15:59:02,49.4833,-113.952,76.87,34,0,16.11,clear sky
237,Brekstad,NO,2022-08-08 15:59:02,63.687,9.6654,64.99,72,40,6.91,scattered clouds
238,Burlington,US,2022-08-08 15:57:28,39.8835,-74.6413,93.7,59,20,14.97,few clouds
239,Barahona,DO,2022-08-08 15:59:03,18.2085,-71.1008,85.82,79,75,11.5,broken clouds
240,Puchov,SK,2022-08-08 15:59:03,49.1249,18.326,73.09,60,100,7.74,overcast clouds
241,Atasu,KZ,2022-08-08 15:59:03,48.6814,71.6433,67.55,50,43,12.8,scattered clouds
242,Marsabit,KE,2022-08-08 15:59:04,2.3284,37.9899,71.56,40,63,17.0,broken clouds
243,Itaituba,BR,2022-08-08 15:59:04,-4.2761,-55.9836,91.56,58,20,11.5,few clouds
244,Gumdag,TM,2022-08-08 15:59:05,39.2061,54.5906,91.58,27,1,12.01,clear sky
245,Langenburg,DE,2022-08-08 15:59:05,49.2544,9.8458,85.84,24,0,6.91,clear sky
246,Bonthe,SL,2022-08-08 15:59:05,7.5264,-12.505,79.9,75,79,11.74,broken clouds
247,Qaanaaq,GL,2022-08-08 15:59:06,77.484,-69.3632,39.18,59,85,1.7,overcast clouds
248,Pacific Grove,US,2022-08-08 15:59:06,36.6177,-121.9166,65.34,86,3,11.99,clear sky
249,Maues,BR,2022-08-08 15:59:07,-3.3836,-57.7186,96.75,35,75,4.94,broken clouds
250,Anadyr,RU,2022-08-08 15:59:07,64.75,177.4833,37.9,86,0,4.47,clear sky
251,Santiago Del Estero,AR,2022-08-08 15:59:08,-27.7951,-64.2615,54.14,57,100,16.75,overcast clouds
252,Kirakira,SB,2022-08-08 15:59:08,-10.4544,161.9205,79.7,82,98,4.65,overcast clouds
253,Xai-Xai,MZ,2022-08-08 15:59:08,-25.0519,33.6442,75.13,41,3,6.15,clear sky
254,Banamba,ML,2022-08-08 15:59:09,13.55,-7.45,96.66,36,66,2.17,broken clouds
255,Newala,TZ,2022-08-08 15:59:09,-10.9431,39.2787,69.22,51,55,12.08,broken clouds
256,Lithakia,GR,2022-08-08 15:59:10,37.7167,20.8333,92.57,54,0,16.06,clear sky
257,Soure,BR,2022-08-08 15:59:10,-0.7167,-48.5233,85.23,65,17,7.23,few clouds
258,Sao Joao Da Barra,BR,2022-08-08 15:59:10,-21.6403,-41.0511,80.69,66,36,12.44,scattered clouds
259,Vao,NC,2022-08-08 15:59:11,-22.6667,167.4833,70.18,73,53,18.57,broken clouds
260,Okhotsk,RU,2022-08-08 15:59:11,59.3833,143.3,56.57,84,100,13.4,overcast clouds
261,Baruun-Urt,MN,2022-08-08 15:59:11,46.6806,113.2792,59.54,54,20,6.49,few clouds
262,Los Llanos De Aridane,ES,2022-08-08 15:59:12,28.6585,-17.9182,73.15,73,20,12.66,few clouds
263,Kodiak,US,2022-08-08 15:59:12,57.79,-152.4072,52.77,80,46,3.71,scattered clouds
264,Soledad,CO,2022-08-08 15:59:13,10.9184,-74.7646,87.93,70,40,3.44,scattered clouds
265,Ruteng,ID,2022-08-08 15:59:13,-8.6136,120.4721,61.84,94,42,3.65,scattered clouds
266,Dayong,CN,2022-08-08 15:59:14,25.0209,118.2898,77.5,91,3,2.44,clear sky
267,Malanje,AO,2022-08-08 15:59:14,-9.5402,16.341,87.58,12,39,5.12,scattered clouds
268,Aktau,KZ,2022-08-08 16:00:14,43.65,51.2,81.18,62,97,9.89,overcast clouds
269,Mahebourg,MU,2022-08-08 16:00:15,-20.4081,57.7,68.25,75,11,11.63,few clouds
270,Khandyga,RU,2022-08-08 16:00:15,62.6667,135.6,56.07,84,23,2.04,few clouds
271,Pimentel,PE,2022-08-08 16:00:16,-6.8367,-79.9342,64.87,77,64,13.58,broken clouds
272,Mareeba,AU,2022-08-08 16:00:16,-17.0,145.4333,66.49,87,97,2.8,overcast clouds
273,Bajil,YE,2022-08-08 16:00:17,15.0584,43.2851,84.11,75,99,4.05,overcast clouds
274,Tarbes,FR,2022-08-08 16:00:17,43.25,0.1667,90.07,33,0,5.75,clear sky
275,Dulce Grande,MX,2022-08-08 16:00:18,23.0,-102.1667,67.44,42,96,11.16,overcast clouds
276,Nouadhibou,MR,2022-08-08 16:00:18,20.931,-17.0347,75.13,82,5,6.53,clear sky
277,Coroico,BO,2022-08-08 16:00:19,-16.1889,-67.7271,74.68,44,89,5.68,overcast clouds
278,Coquimbo,CL,2022-08-08 16:00:19,-29.9533,-71.3436,60.67,47,0,6.85,clear sky
279,Yenagoa,NG,2022-08-08 16:00:20,4.9247,6.2642,79.03,81,99,8.88,light rain
280,Olsztyn,PL,2022-08-08 16:00:20,53.7799,20.4942,69.76,49,85,2.33,overcast clouds
281,Ballina,AU,2022-08-08 16:00:20,-28.8667,153.5667,48.24,83,29,12.17,scattered clouds
282,Vostok,RU,2022-08-08 16:00:21,46.4856,135.8833,56.88,94,42,4.94,scattered clouds
283,Ambilobe,MG,2022-08-08 16:00:21,-13.2,49.05,70.84,77,12,1.72,few clouds
284,Cape Coast,GH,2022-08-08 16:00:22,5.1053,-1.2466,76.69,77,69,13.15,broken clouds
285,Lebu,CL,2022-08-08 16:00:22,-37.6167,-73.65,50.23,73,21,7.52,few clouds
286,Najran,SA,2022-08-08 16:00:23,17.4924,44.1277,89.82,30,88,10.83,overcast clouds
287,Batemans Bay,AU,2022-08-08 16:00:23,-35.7167,150.1833,43.74,91,20,5.48,few clouds
288,Oxford,GB,2022-08-08 15:58:41,51.7522,-1.256,87.06,38,0,6.91,clear sky
289,Tura,IN,2022-08-08 16:00:24,25.5198,90.2201,76.19,96,58,5.39,broken clouds
290,La Ronge,CA,2022-08-08 16:00:24,55.1001,-105.2842,69.91,54,11,8.59,few clouds
291,Talnakh,RU,2022-08-08 16:00:24,69.4865,88.3972,61.83,92,54,7.67,moderate rain
292,Bambous Virieux,MU,2022-08-08 16:00:25,-20.3428,57.7575,70.05,78,40,5.75,scattered clouds
293,Yerbogachen,RU,2022-08-08 16:00:25,61.2767,108.0108,48.81,94,100,3.13,overcast clouds
294,Borogontsy,RU,2022-08-08 16:00:26,62.6683,131.1683,53.73,91,15,4.88,few clouds
295,Matcha,RU,2022-08-08 16:00:26,54.6335,42.3501,77.54,48,63,6.78,broken clouds
296,Kamenka,RU,2022-08-08 16:00:27,51.3223,42.7678,76.98,39,39,17.07,scattered clouds
297,Beringovskiy,RU,2022-08-08 16:00:27,63.05,179.3167,44.56,62,95,2.13,overcast clouds
298,Ulladulla,AU,2022-08-08 15:57:11,-35.35,150.4667,46.38,87,12,8.66,few clouds
299,Komsomolskiy,UZ,2022-08-08 16:00:28,40.4272,71.7189,90.32,20,77,4.61,broken clouds
300,Ihosy,MG,2022-08-08 16:00:28,-22.4,46.1167,61.74,74,0,9.8,clear sky
301,Chapais,CA,2022-08-08 16:00:29,49.7834,-74.8492,64.62,38,81,5.03,broken clouds
302,Makasar,ID,2022-08-08 16:00:11,-5.14,119.4221,75.25,100,20,1.14,light rain
303,Gazojak,TM,2022-08-08 16:00:30,41.1875,61.4036,88.09,16,33,9.64,scattered clouds
304,Rio Grande,BR,2022-08-08 16:00:30,-32.035,-52.0986,59.95,73,67,14.29,broken clouds
305,Chernyshevskiy,RU,2022-08-08 16:00:31,63.0128,112.4714,46.6,95,26,3.74,scattered clouds
306,Cabo San Lucas,MX,2022-08-08 16:00:31,22.8909,-109.9124,86.61,78,96,5.99,overcast clouds
307,Fairview,US,2022-08-08 16:00:09,40.8126,-73.999,92.73,62,16,8.99,few clouds
308,Upata,VE,2022-08-08 16:00:32,8.0086,-62.3989,86.2,58,30,6.76,scattered clouds
309,Nouakchott,MR,2022-08-08 16:00:32,18.0858,-15.9785,87.73,71,0,10.29,clear sky
310,Ust-Omchug,RU,2022-08-08 16:00:33,61.15,149.6333,53.35,77,100,4.74,overcast clouds
311,San Quintin,MX,2022-08-08 16:00:33,30.4833,-115.95,74.84,76,55,4.12,broken clouds
312,Neuquen,AR,2022-08-08 16:00:34,-38.9516,-68.0591,41.95,77,100,1.1,overcast clouds
313,Orlik,RU,2022-08-08 16:00:34,52.5178,99.825,51.15,70,66,3.62,broken clouds
314,Halifax,CA,2022-08-08 15:58:30,44.6453,-63.5724,77.52,78,100,2.3,overcast clouds
315,Goba,ET,2022-08-08 16:00:35,7.0167,39.9833,53.31,97,100,1.28,light rain
316,Presidencia Roque Saenz Pena,AR,2022-08-08 16:00:35,-26.7852,-60.4388,69.37,45,27,9.71,scattered clouds
317,Charagua,BO,2022-08-08 16:01:36,-19.8,-63.2167,61.43,80,99,8.39,overcast clouds
318,Mahendranagar,NP,2022-08-08 16:01:36,28.9167,80.3333,85.12,74,79,4.68,broken clouds
319,Iqaluit,CA,2022-08-08 16:01:37,63.7506,-68.5145,47.7,76,37,5.01,scattered clouds
320,Rafaela,AR,2022-08-08 16:00:17,-31.2503,-61.4867,55.99,62,100,3.0,overcast clouds
321,Vestmannaeyjar,IS,2022-08-08 16:01:37,63.4427,-20.2734,52.79,93,100,25.32,mist
322,Husavik,IS,2022-08-08 16:01:38,66.0449,-17.3389,58.14,54,42,17.63,scattered clouds
323,Semnan,IR,2022-08-08 16:01:38,35.5729,53.3971,94.28,21,2,3.91,clear sky
324,North Bend,US,2022-08-08 16:01:39,43.4065,-124.2243,61.92,100,100,9.22,overcast clouds
325,Roma,US,2022-08-08 16:00:02,43.2128,-75.4557,88.95,70,41,1.01,scattered clouds
326,Yulara,AU,2022-08-08 16:01:39,-25.2406,130.9889,54.16,31,28,11.32,scattered clouds
327,Durusu,TR,2022-08-08 16:01:40,41.3053,28.6767,84.38,83,0,18.01,clear sky
328,San Patricio,US,2022-08-08 16:01:40,28.017,-97.5169,91.27,50,43,10.25,scattered clouds
329,Hofn,IS,2022-08-08 16:01:40,64.2539,-15.2082,53.62,82,75,12.66,broken clouds
330,Poum,NC,2022-08-08 16:01:41,-20.2333,164.0167,72.18,78,65,21.41,broken clouds
331,Loiza,PR,2022-08-08 15:59:49,18.4313,-65.8802,91.63,78,48,18.9,scattered clouds
332,Mapiripan,CO,2022-08-08 16:01:42,2.8892,-72.1256,87.42,60,24,3.06,few clouds
333,Yambio,SS,2022-08-08 16:00:16,4.5721,28.3955,74.03,87,89,4.0,light rain
334,Havre-Saint-Pierre,CA,2022-08-08 16:01:42,50.2334,-63.5986,63.77,56,1,11.9,clear sky
335,Iralaya,HN,2022-08-08 16:01:43,15.0,-83.2333,81.73,83,93,13.87,overcast clouds
336,Eureka,US,2022-08-08 16:01:43,40.8021,-124.1637,63.68,87,1,1.01,clear sky
337,Gat,IL,2022-08-08 16:01:44,31.61,34.7642,84.81,24,0,11.61,clear sky
338,Bandarbeyla,SO,2022-08-08 16:01:44,9.4942,50.8122,77.02,77,56,30.11,broken clouds
339,Windhoek,NA,2022-08-08 15:56:59,-22.5594,17.0832,84.69,6,0,6.91,clear sky
340,Luderitz,NA,2022-08-08 16:01:45,-26.6481,15.1594,63.18,58,66,9.17,broken clouds
341,Mbuguni,TZ,2022-08-08 16:01:45,-3.5667,36.95,70.9,45,39,12.37,scattered clouds
342,Togur,RU,2022-08-08 16:01:45,58.3631,82.8265,62.22,70,90,6.51,overcast clouds
343,Wang Saphung,TH,2022-08-08 16:01:46,17.301,101.7685,72.88,93,81,3.85,broken clouds
344,Saint-Leu,RE,2022-08-08 16:01:46,-21.15,55.2833,68.86,79,18,11.41,few clouds
345,Sobolevo,RU,2022-08-08 16:01:47,54.4299,31.8996,65.93,69,91,3.85,overcast clouds
346,Valleyview,CA,2022-08-08 16:01:47,55.0667,-117.2859,59.67,59,16,12.17,few clouds
347,Abu Dhabi,AE,2022-08-08 15:59:12,24.4667,54.3667,105.91,58,0,6.91,clear sky
348,Tumbotino,RU,2022-08-08 16:01:48,55.9993,43.0236,74.19,56,61,4.12,broken clouds
349,Broome,US,2022-08-08 16:01:48,42.2506,-75.833,88.09,69,40,12.66,scattered clouds
350,Suntar,RU,2022-08-08 16:01:49,62.1444,117.6319,52.38,95,96,3.4,overcast clouds
351,Tinogboc,PH,2022-08-08 16:01:49,12.0074,121.4122,82.4,73,100,4.65,moderate rain
352,Southbridge,US,2022-08-08 16:01:50,42.0751,-72.0334,93.45,68,18,5.99,few clouds
353,Isangel,VU,2022-08-08 16:01:50,-19.55,169.2667,74.64,87,2,9.84,clear sky
354,Buchanan,LR,2022-08-08 16:01:50,5.8808,-10.0467,77.2,75,82,8.75,broken clouds
355,Mangrol,IN,2022-08-08 16:01:51,21.1167,70.1167,82.2,87,96,17.47,overcast clouds
356,Lorengau,PG,2022-08-08 16:01:51,-2.0226,147.2712,81.59,78,90,9.26,overcast clouds
357,Udachnyy,RU,2022-08-08 16:01:52,66.4167,112.4,45.9,91,100,2.82,overcast clouds
358,Kayunga,UG,2022-08-08 16:01:52,0.7025,32.8886,71.56,54,53,4.47,broken clouds
359,Damavand,IR,2022-08-08 16:01:52,35.7178,52.065,82.02,29,0,1.59,clear sky
360,Clocolan,ZA,2022-08-08 16:01:53,-28.9137,27.5656,51.82,42,3,7.49,clear sky
361,Kaura Namoda,NG,2022-08-08 16:01:53,12.5898,6.5779,85.53,59,100,5.5,light rain
362,Taltal,CL,2022-08-08 16:00:47,-25.4,-70.4833,62.06,61,8,4.0,clear sky
363,Mandali,IQ,2022-08-08 16:02:54,33.7499,45.5541,106.48,10,0,14.9,clear sky
364,Calama,CL,2022-08-08 16:00:18,-22.4667,-68.9333,65.03,5,0,18.66,clear sky
365,Razole,IN,2022-08-08 15:58:13,16.4833,81.8333,76.95,92,100,9.01,overcast clouds
366,Amurzet,RU,2022-08-08 16:02:55,47.6967,131.0981,58.66,70,1,8.75,clear sky
367,Dashitou,CN,2022-08-08 16:02:55,43.3067,128.5114,53.92,93,28,4.18,scattered clouds
368,Cuamba,MZ,2022-08-08 16:02:55,-14.8031,36.5372,74.41,32,13,3.06,few clouds
369,Ranipur,PK,2022-08-08 16:02:56,27.2879,68.5051,92.14,62,100,8.46,overcast clouds
370,Bam,IR,2022-08-08 16:02:56,29.106,58.357,96.22,12,0,11.14,clear sky
371,Luanda,AO,2022-08-08 16:02:57,-8.8368,13.2343,69.82,81,11,14.45,few clouds
372,Ornskoldsvik,SE,2022-08-08 16:02:57,63.2909,18.7153,63.55,59,9,10.36,clear sky
373,Kashi,CN,2022-08-08 16:02:57,39.4547,75.9797,79.9,43,5,3.56,clear sky
374,Muyezerskiy,RU,2022-08-08 16:02:58,63.9333,31.65,59.14,59,100,5.59,overcast clouds
375,Nanning,CN,2022-08-08 16:00:06,22.8167,108.3167,80.82,81,39,3.47,scattered clouds
376,Palu,ID,2022-08-08 16:02:58,-0.8917,119.8707,75.18,96,81,2.48,light rain
377,Rundu,NA,2022-08-08 16:02:59,-17.9333,19.7667,81.12,14,0,5.23,clear sky
378,Escanaba,US,2022-08-08 16:00:53,45.7453,-87.0646,59.5,92,100,11.65,overcast clouds
379,Piacabucu,BR,2022-08-08 16:02:59,-10.4056,-36.4344,79.05,54,68,7.78,broken clouds
380,Narsaq,GL,2022-08-08 16:03:00,60.9167,-46.05,61.02,63,100,7.29,overcast clouds
381,Kanlagay,PH,2022-08-08 16:03:00,5.8757,121.2915,80.04,83,100,5.59,light rain
382,Calderitas,MX,2022-08-08 16:03:00,18.55,-88.25,73.51,100,75,0.0,broken clouds
383,Torbay,CA,2022-08-08 16:00:47,47.6666,-52.7314,71.58,82,100,8.99,overcast clouds
384,Liku,ID,2022-08-08 16:03:01,-0.7275,119.8922,74.64,94,91,2.26,heavy intensity rain
385,Miri,MY,2022-08-08 16:03:01,4.4148,114.0089,78.31,87,99,1.66,overcast clouds
386,Powell River,CA,2022-08-08 16:00:08,49.8496,-124.5361,70.03,74,2,8.39,clear sky
387,Litovko,RU,2022-08-08 16:03:02,49.2361,135.1742,59.97,68,23,4.61,few clouds
388,Domoni,KM,2022-08-08 16:03:02,-12.2569,44.5319,75.88,69,2,4.07,clear sky
389,Bilma,NE,2022-08-08 16:03:03,18.6853,12.9164,103.98,20,12,6.08,few clouds
390,Magdagachi,RU,2022-08-08 16:03:03,53.45,125.8,51.73,99,100,5.95,light rain
391,Doha,QA,2022-08-08 15:59:12,25.2867,51.5333,96.78,63,0,12.66,clear sky
392,Eston,CA,2022-08-08 16:00:16,51.1501,-108.7514,78.93,29,0,14.14,clear sky
393,Zholymbet,KZ,2022-08-08 16:03:04,51.7433,71.7122,59.79,80,49,10.02,scattered clouds
394,Westport,US,2022-08-08 16:03:04,41.1415,-73.3579,92.71,63,0,10.36,clear sky
395,Nanakuli,US,2022-08-08 16:03:05,21.3906,-158.1547,77.11,71,0,5.75,clear sky
396,Mildura,AU,2022-08-08 16:03:05,-34.2,142.15,46.45,62,22,5.01,few clouds
397,Carnarvon,AU,2022-08-08 16:03:05,-24.8667,113.6333,64.72,69,1,18.39,clear sky
398,Lata,PT,2022-08-08 16:03:06,40.1629,-8.3327,83.48,48,0,11.34,clear sky
399,Fukue,JP,2022-08-08 16:03:06,32.6881,128.8419,82.45,83,89,9.53,overcast clouds
400,Richards Bay,ZA,2022-08-08 16:03:07,-28.783,32.0377,66.27,79,95,14.09,light rain
401,Tokur,RU,2022-08-08 16:03:07,53.1333,132.9,46.69,96,81,2.55,broken clouds
402,Garden City,US,2022-08-08 16:00:52,42.3256,-83.331,84.99,82,100,17.27,overcast clouds
403,Sapele,NG,2022-08-08 16:03:08,5.8941,5.6767,79.79,77,88,9.13,light rain
404,Cabedelo,BR,2022-08-08 16:03:08,-6.9811,-34.8339,79.27,69,27,17.45,scattered clouds
405,Tigzirt,DZ,2022-08-08 16:03:08,36.8886,4.1198,88.65,49,0,13.8,clear sky
406,Bogande,BF,2022-08-08 16:03:09,12.9714,-0.1436,92.25,44,99,3.6,overcast clouds
407,Yeniseysk,RU,2022-08-08 16:03:09,58.4497,92.1703,59.36,79,31,1.83,scattered clouds
408,Bogandinskiy,RU,2022-08-08 16:03:10,56.8937,65.8938,73.67,74,84,4.79,broken clouds
409,Little Current,CA,2022-08-08 16:03:36,45.9793,-81.9248,60.42,78,86,6.38,moderate rain
410,Faya,SA,2022-08-08 16:04:10,18.3851,42.4509,66.72,73,98,4.05,overcast clouds
411,Kaputa,ZM,2022-08-08 16:04:11,-8.4689,29.6619,78.48,35,0,3.33,clear sky
412,Newark,US,2022-08-08 16:00:52,40.7357,-74.1724,94.33,63,75,13.0,broken clouds
413,Dingle,PH,2022-08-08 16:04:11,10.9995,122.6711,74.84,90,100,2.57,overcast clouds
414,Neiafu,TO,2022-08-08 16:04:12,-18.65,-173.9833,75.88,88,20,5.75,few clouds
415,Fairbanks,US,2022-08-08 16:04:12,64.8378,-147.7164,51.76,90,20,4.61,light rain
416,Sinnamary,GF,2022-08-08 16:04:12,5.3833,-52.95,86.49,58,100,9.78,overcast clouds
417,Pestovo,RU,2022-08-08 16:04:13,58.5938,35.8024,66.16,59,99,3.58,overcast clouds
418,Port Hedland,AU,2022-08-08 16:04:14,-20.3167,118.5667,59.05,82,11,6.91,few clouds
419,Yeppoon,AU,2022-08-08 16:04:14,-23.1333,150.7333,46.18,57,0,5.53,clear sky
420,Sun Valley,US,2022-08-08 16:04:15,39.5963,-119.776,82.83,38,20,3.0,few clouds
421,Puerto Baquerizo Moreno,EC,2022-08-08 16:02:59,-0.9,-89.6,68.65,75,83,14.29,broken clouds
422,Kendari,ID,2022-08-08 16:04:15,-3.945,122.4989,73.76,93,54,2.8,light rain
423,Mao,ES,2022-08-08 16:04:16,39.8885,4.2658,90.16,51,20,6.91,few clouds
424,Kahului,US,2022-08-08 16:00:05,20.8947,-156.47,77.85,86,33,11.01,scattered clouds
425,Cugir,RO,2022-08-08 16:04:16,45.8333,23.3667,70.38,87,98,7.54,overcast clouds
426,Noshiro,JP,2022-08-08 16:04:17,40.2039,140.0242,77.16,91,100,13.38,light rain
427,Quelimane,MZ,2022-08-08 16:04:17,-17.8786,36.8883,68.09,70,0,5.61,clear sky
428,Bucerias,MX,2022-08-08 16:04:17,20.75,-105.3333,84.97,78,100,2.3,overcast clouds
429,Pangnirtung,CA,2022-08-08 16:04:18,66.1451,-65.7125,48.02,73,56,3.47,broken clouds
430,Videira,BR,2022-08-08 16:04:18,-27.0083,-51.1517,68.27,67,76,2.3,broken clouds
431,Manggar,ID,2022-08-08 16:04:19,-2.8833,108.2667,80.38,81,88,9.31,overcast clouds
432,Kaffrine,SN,2022-08-08 16:04:19,14.1059,-15.5508,91.09,56,100,9.62,overcast clouds
433,Norton,ZW,2022-08-08 16:00:46,-17.8833,30.7,65.57,16,0,2.01,clear sky
434,Columbia,US,2022-08-08 16:04:20,34.0007,-81.0348,92.23,60,0,4.61,clear sky
435,Beipiao,CN,2022-08-08 16:04:20,41.7919,120.7792,67.24,60,79,3.36,broken clouds
436,Wuwei,CN,2022-08-08 16:04:21,37.9281,102.6414,72.09,70,100,8.25,moderate rain
437,Hue,VN,2022-08-08 16:04:07,16.4667,107.6,77.11,94,75,2.3,moderate rain
438,Turbat,PK,2022-08-08 16:01:09,26.0023,63.044,92.3,47,52,8.55,broken clouds
439,Maputo,MZ,2022-08-08 16:04:21,-25.9653,32.5892,75.52,57,42,13.0,scattered clouds
440,Huilong,CN,2022-08-08 16:04:22,31.8111,121.655,84.92,82,79,18.23,broken clouds
441,Cibitoke,BI,2022-08-08 16:04:22,-2.8833,29.25,69.66,48,76,4.05,broken clouds
442,Broken Hill,AU,2022-08-08 16:04:23,-31.95,141.4333,47.46,54,2,4.07,clear sky
443,Guasdualito,VE,2022-08-08 16:04:23,7.2424,-70.7324,87.37,64,8,2.24,clear sky
444,Jaguey Grande,CU,2022-08-08 16:04:24,22.5269,-81.1286,91.26,48,59,10.4,broken clouds
445,Liusha,CN,2022-08-08 16:04:24,27.2098,108.59,72.43,85,47,4.0,scattered clouds
446,Rensvik,NO,2022-08-08 16:04:24,63.1,7.8167,64.06,77,75,3.44,broken clouds
447,Rosarito,MX,2022-08-08 16:04:25,32.3333,-117.0333,80.42,73,90,5.01,overcast clouds
448,Eydhafushi,MV,2022-08-08 16:04:25,5.1033,73.0708,81.25,84,100,12.46,overcast clouds
449,Madang,PG,2022-08-08 16:04:26,-5.2246,145.7966,77.27,86,77,5.46,broken clouds
450,Marshfield,US,2022-08-08 16:01:00,44.6689,-90.1718,63.45,82,100,10.36,overcast clouds
451,Izazi,TZ,2022-08-08 16:04:26,-7.2,35.7333,76.53,36,78,9.15,broken clouds
452,Mayor Pablo Lagerenza,PY,2022-08-08 16:04:27,-19.9309,-60.7718,63.82,91,100,7.16,moderate rain
453,Cockburn Town,TC,2022-08-08 16:05:27,21.4612,-71.1419,82.72,79,100,20.33,overcast clouds
454,Penzberg,DE,2022-08-08 16:05:27,47.75,11.3833,77.58,51,0,5.01,clear sky
455,Jiazi,CN,2022-08-08 16:05:28,22.8779,116.067,81.05,85,100,16.35,overcast clouds
456,Pochutla,MX,2022-08-08 16:05:28,15.7432,-96.4661,86.83,60,98,3.04,overcast clouds
457,Hovd,MN,2022-08-08 16:05:29,48.0056,91.6419,73.35,34,88,9.51,overcast clouds
458,Karratha,AU,2022-08-08 16:05:29,-20.7377,116.8463,70.07,59,26,10.31,light rain
459,Acapulco,MX,2022-08-08 16:05:30,16.8634,-99.8901,85.82,62,40,3.44,scattered clouds
460,Santa Cruz,BO,2022-08-08 16:05:27,-17.8,-63.1667,69.26,88,75,16.11,broken clouds
461,Mazyr,BY,2022-08-08 16:05:30,52.0495,29.2456,70.47,54,82,6.49,broken clouds
462,Ambanja,MG,2022-08-08 16:05:31,-13.6833,48.45,72.12,75,47,1.32,scattered clouds
463,Adelaide,AU,2022-08-08 16:04:02,-34.9333,138.6,52.32,72,0,8.05,clear sky
464,Dunedin,NZ,2022-08-08 16:01:01,-45.8742,170.5036,39.79,70,87,4.0,overcast clouds
465,Teya,RU,2022-08-08 16:05:31,60.3778,92.6267,60.42,74,100,2.21,overcast clouds
466,Maceio,BR,2022-08-08 16:05:32,-9.6658,-35.7353,83.64,57,40,10.36,scattered clouds
467,Taitung,TW,2022-08-08 16:05:32,22.7583,121.1444,77.27,94,75,6.91,light rain
468,Namibe,AO,2022-08-08 16:05:33,-15.1961,12.1522,66.33,80,27,10.94,scattered clouds
469,Nadym,RU,2022-08-08 16:05:33,65.5333,72.5167,75.97,46,8,10.54,clear sky
470,Termoli,IT,2022-08-08 16:05:33,41.9888,14.9895,81.75,62,32,13.02,scattered clouds
471,Krasnozerskoye,RU,2022-08-08 16:05:34,53.9828,79.2374,63.09,83,43,9.64,scattered clouds
472,Gubkinskiy,RU,2022-08-08 16:05:34,64.434,76.5026,75.24,53,39,16.46,scattered clouds
473,Alakurtti,RU,2022-08-08 16:05:35,66.9672,30.3491,57.4,60,72,4.76,broken clouds
474,Mombetsu,JP,2022-08-08 16:04:09,44.3525,143.3525,71.11,99,100,5.14,heavy intensity rain
475,Beaverlodge,CA,2022-08-08 16:05:35,55.2166,-119.4361,60.75,48,14,6.82,few clouds
476,Yumen,CN,2022-08-08 16:00:57,40.2833,97.2,69.06,48,9,17.49,clear sky
477,General Roca,AR,2022-08-08 16:03:40,-39.0333,-67.5833,41.61,86,100,3.13,overcast clouds
478,Praia Da Vitoria,PT,2022-08-08 16:05:36,38.7333,-27.0667,80.76,77,23,11.7,few clouds
479,Flinders,AU,2022-08-08 16:05:36,-34.5833,150.8552,49.37,79,7,10.76,clear sky
480,Kirs,RU,2022-08-08 16:05:37,59.3388,52.2447,66.87,91,43,2.19,scattered clouds
481,Barentu,ER,2022-08-08 16:05:37,15.1139,37.5928,72.77,79,98,5.01,overcast clouds
482,Oksfjord,NO,2022-08-08 16:05:37,70.2396,22.3479,55.47,83,100,5.77,overcast clouds
483,Toora-Khem,RU,2022-08-08 16:05:38,52.4675,96.11,57.18,55,55,2.73,broken clouds
484,Valdemarpils,LV,2022-08-08 16:05:38,57.3707,22.5919,63.75,75,88,4.79,overcast clouds
485,Umba,RU,2022-08-08 16:05:38,66.6871,34.3429,57.74,66,90,7.49,overcast clouds
486,Banjar,ID,2022-08-08 16:05:39,-8.19,114.9675,74.28,87,91,7.05,overcast clouds
487,Korhogo,CI,2022-08-08 16:05:39,9.45,-5.6333,89.29,45,55,4.81,broken clouds
488,Ozernovskiy,RU,2022-08-08 16:05:40,51.5,156.5167,56.41,85,28,5.53,scattered clouds
489,Camacha,PT,2022-08-08 16:02:53,33.0833,-16.3333,71.02,64,75,12.66,broken clouds
490,Inirida,CO,2022-08-08 16:05:40,3.8653,-67.9239,89.04,60,54,1.57,broken clouds
491,Balad,IQ,2022-08-08 16:05:41,34.0164,44.1453,103.23,12,0,10.6,clear sky
492,Tevaitoa,PF,2022-08-08 16:05:41,-16.7833,-151.5,76.15,62,54,20.76,broken clouds
493,Kaukauna,US,2022-08-08 16:05:41,44.278,-88.272,62.71,96,100,9.22,mist
494,Necochea,AR,2022-08-08 16:05:42,-38.5473,-58.7368,47.08,69,100,1.92,overcast clouds
495,Lavrentiya,RU,2022-08-08 16:05:42,65.5833,-171.0,37.04,84,100,12.1,light rain
496,Zhireken,RU,2022-08-08 16:05:42,52.8249,117.3076,46.06,81,6,4.03,clear sky
497,Aasiaat,GL,2022-08-08 16:05:43,68.7098,-52.8699,38.97,94,100,6.91,overcast clouds
498,Pinega,RU,2022-08-08 16:05:43,64.7001,43.3936,61.34,60,78,5.21,light rain
499,Ambon,ID,2022-08-08 16:06:44,-3.6954,128.1814,78.24,15,74,8.23,broken clouds
500,Ostrovnoy,RU,2022-08-08 16:06:44,68.0531,39.5131,53.94,74,97,14.54,overcast clouds
501,Fort Nelson,CA,2022-08-08 16:06:45,58.8053,-122.7002,58.96,53,20,10.11,few clouds
502,Krasnoselkup,RU,2022-08-08 16:06:45,65.7,82.4667,70.59,64,52,7.09,broken clouds
503,Aykhal,RU,2022-08-08 16:06:46,66.0,111.5,44.56,94,100,3.33,overcast clouds
504,Marawi,PH,2022-08-08 16:06:46,7.9986,124.2928,68.68,92,100,1.79,moderate rain
505,Quatre Cocos,MU,2022-08-08 16:06:46,-20.2078,57.7625,69.91,76,11,13.04,few clouds
506,El Tigre,VE,2022-08-08 16:06:47,8.8875,-64.2454,88.3,48,26,9.53,scattered clouds
507,Bundaberg,AU,2022-08-08 16:06:47,-24.85,152.35,51.22,85,0,1.99,clear sky
508,Isaka,TZ,2022-08-08 16:06:48,-3.9,32.9333,77.59,22,1,5.5,clear sky
509,Nizhniy Odes,RU,2022-08-08 16:06:48,63.6445,54.856,67.42,57,94,4.36,overcast clouds
510,Rancho Palos Verdes,US,2022-08-08 16:05:10,33.7445,-118.387,78.78,83,20,8.05,few clouds
511,Mazagao,BR,2022-08-08 16:05:02,-0.115,-51.2894,91.45,47,28,5.55,scattered clouds
512,Kachiry,KZ,2022-08-08 16:06:49,53.0675,76.1036,65.19,77,81,4.25,moderate rain
513,Pemberton,CA,2022-08-08 16:06:49,50.3164,-122.8027,77.2,56,0,0.65,clear sky
514,Waitati,NZ,2022-08-08 16:06:49,-45.75,170.5667,39.79,70,80,8.61,broken clouds
515,Kokopo,PG,2022-08-08 16:06:50,-4.352,152.2633,75.7,86,12,6.67,few clouds
516,Inhambane,MZ,2022-08-08 16:06:50,-23.865,35.3833,70.61,71,0,14.09,clear sky
517,Ligayan,PH,2022-08-08 16:06:51,4.6533,119.4706,83.23,76,100,10.27,overcast clouds
518,Lalitpur,NP,2022-08-08 16:06:51,27.6667,85.3333,73.78,88,75,6.91,broken clouds
519,Burgeo,CA,2022-08-08 16:06:51,47.6167,-57.6152,66.74,64,87,14.38,overcast clouds
520,Touros,BR,2022-08-08 16:05:06,-5.1989,-35.4608,83.21,63,6,19.04,clear sky
521,Arandis,NA,2022-08-08 16:06:52,-22.4167,14.9667,73.58,30,30,8.01,scattered clouds
522,Calamar,CO,2022-08-08 16:06:52,10.2511,-74.9146,89.08,61,21,6.13,few clouds
523,The Pas,CA,2022-08-08 16:06:53,53.8251,-101.2541,75.76,55,6,12.68,clear sky
524,Manuk Mangkaw,PH,2022-08-08 16:06:53,4.8,119.85,83.55,74,100,9.8,overcast clouds
525,Codajas,BR,2022-08-08 16:06:53,-3.8367,-62.0569,95.76,36,5,4.25,clear sky
526,Olavarria,AR,2022-08-08 16:06:54,-36.8927,-60.3225,49.15,52,100,7.2,overcast clouds
527,Russell,US,2022-08-08 16:06:54,32.3502,-85.1999,84.11,65,20,0.0,few clouds
528,Maningrida,AU,2022-08-08 16:06:55,-12.0667,134.2667,68.86,80,15,9.86,few clouds
529,Emba,KZ,2022-08-08 16:06:55,48.8264,58.1442,78.31,44,93,9.86,overcast clouds
530,Road Town,VG,2022-08-08 16:05:55,18.4167,-64.6167,91.49,70,40,14.97,scattered clouds
531,Kitimat,CA,2022-08-08 16:03:55,54.0524,-128.6534,60.91,46,3,4.03,clear sky
532,Birjand,IR,2022-08-08 16:06:57,32.8663,59.2211,81.45,25,0,13.87,clear sky
533,Khani,GE,2022-08-08 16:06:57,41.9563,42.9566,72.97,87,48,0.92,scattered clouds
534,Labrea,BR,2022-08-08 16:06:58,-7.2586,-64.7981,95.47,39,13,3.67,few clouds
535,Alekseyevsk,RU,2022-08-08 16:06:58,57.8406,108.3492,48.87,93,97,3.27,overcast clouds
536,Sola,VU,2022-08-08 16:06:59,-13.8833,167.55,80.06,71,2,2.53,clear sky
537,Gazanjyk,TM,2022-08-08 16:06:59,39.2446,55.5154,91.17,29,33,5.64,light rain
538,Baiao,BR,2022-08-08 16:06:59,-2.7906,-49.6717,96.87,30,80,4.34,broken clouds
539,Pudozh,RU,2022-08-08 16:07:00,61.8099,36.5345,64.76,62,99,3.78,overcast clouds
540,San Salvo,IT,2022-08-08 16:07:00,42.0433,14.7272,79.57,51,75,6.87,light rain
541,Banda Aceh,ID,2022-08-08 16:07:00,5.5577,95.3222,79.47,79,99,12.68,overcast clouds
542,Avera,US,2022-08-08 16:07:01,33.194,-82.5271,86.05,56,44,4.0,scattered clouds
543,Oranjemund,NA,2022-08-08 16:08:01,-28.55,16.4333,59.22,63,74,8.61,broken clouds
544,Batticaloa,LK,2022-08-08 16:08:02,7.7102,81.6924,83.82,53,100,14.76,overcast clouds
545,Bowen,AU,2022-08-08 16:08:02,-20.0167,148.2333,59.2,74,0,8.77,clear sky
546,Kathmandu,NP,2022-08-08 16:08:02,27.7167,85.3167,73.62,88,75,6.91,broken clouds
547,Port Hardy,CA,2022-08-08 16:08:03,50.6996,-127.4199,58.86,79,0,12.12,clear sky
548,Araouane,ML,2022-08-08 16:08:03,18.9048,-3.5265,109.83,9,6,2.17,clear sky
549,Tautira,PF,2022-08-08 16:08:03,-17.7333,-149.15,74.5,60,96,16.37,overcast clouds
550,Gay,RU,2022-08-08 16:03:11,51.4666,58.4552,70.99,55,98,8.1,overcast clouds
551,Joplin,US,2022-08-08 16:08:04,37.0842,-94.5133,93.18,45,40,14.97,scattered clouds
552,Hualmay,PE,2022-08-08 16:08:04,-11.0964,-77.6139,64.89,71,70,7.83,broken clouds
553,Pimenta Bueno,BR,2022-08-08 16:08:05,-11.6725,-61.1936,97.99,33,43,1.99,scattered clouds
554,Ravar,IR,2022-08-08 16:08:05,31.2656,56.8055,94.44,16,0,4.68,clear sky
555,Teguise,ES,2022-08-08 16:08:06,29.0605,-13.564,80.82,51,20,23.02,few clouds
556,Envira,BR,2022-08-08 16:08:06,-7.3,-70.2167,91.92,45,14,1.12,few clouds
557,Lae,PG,2022-08-08 16:08:06,-6.7221,146.9847,74.34,81,90,3.49,overcast clouds
558,Pahrump,US,2022-08-08 16:08:07,36.2083,-115.9839,91.94,34,23,3.0,few clouds
